,station,fecha,latitude,longitude,elevation,name,report_type,source,sunrise,sunset,dailyaveragedewpointtemperature,dailyaveragedrybulbtemperature,dailyaveragerelativehumidity,dailyaveragesealevelpressure,dailyaveragestationpressure,dailyaveragewetbulbtemperature,dailyaveragewindspeed,dailymaximumdrybulbtemperature,dailyminimumdrybulbtemperature,dailypeakwinddirection,dailypeakwindspeed,dailyprecipitation,dailysustainedwinddirection,dailysustainedwindspeed,fecha_corta
0,72781524237,2019-09-01 23:59:00,47.2767,-121.3372,1206.7,"STAMPEDE PASS, WA US",SOD,6,524.0,1846.0,51.0,59.0,82.0,30.03,26.02,53.0,4.0,65.0,52.0,,,0.0,300.0,9.0,2019-09-01
1,91285021504,2019-09-01 23:59:00,19.7191,-155.053,11.6,"HILO INTERNATIONAL AIRPORT 87, HI US",SOD,6,605.0,1835.0,70.0,82.0,71.0,29.97,29.94,74.0,4.8,89.0,74.0,100.0,18.0,,90.0,15.0,2019-09-01
2,72638094814,2019-09-01 23:59:00,44.3591,-84.6738,350.8,"HOUGHTON LAKE ROSCOMMON CO AIRPORT, MI US",SOD,6,601.0,1915.0,50.0,58.0,73.0,30.18,28.95,54.0,4.6,73.0,42.0,160.0,17.0,0.0,190.0,13.0,2019-09-01
3,72734014847,2019-09-01 23:59:00,46.4794,-84.3572,220.1,"SAULT STE MARIE SANDERSON FIELD, MI US",SOD,6,557.0,1917.0,52.0,62.0,73.0,30.13,29.39,56.0,5.7,74.0,50.0,180.0,26.0,,220.0,16.0,2019-09-01
4,70316025624,2019-09-01 23:59:00,55.2207,-162.7324,23.8,"COLD BAY AIRPORT, AK US",SOD,6,657.0,2044.0,52.0,60.0,82.0,29.08,28.92,54.0,19.5,66.0,53.0,150.0,46.0,0.22,150.0,35.0,2019-09-01
5,91212041415,2019-09-01 23:59:00,13.48333,144.8,77.4,"GUAM INTERNATIONAL AIRPORT, GU GQ",SOD,6,609.0,1832.0,,84.0,73.0,,29.57,,8.9,90.0,78.0,70.0,23.0,0.1,60.0,20.0,2019-09-01
6,70350025501,2019-09-01 23:59:00,57.7511,-152.4855,24.4,"KODIAK AIRPORT, AK US",SOD,6,610.0,2008.0,53.0,60.0,80.0,29.55,29.44,56.0,13.0,64.0,56.0,150.0,31.0,0.13,160.0,24.0,2019-09-01
7,72712014607,2019-09-01 23:59:00,46.8705,-68.0173,190.2,"CARIBOU WEATHER FORECAST OFFICE, ME US",SOD,6,451.0,1812.0,43.0,57.0,61.0,30.31,29.62,50.0,4.4,69.0,44.0,170.0,16.0,0.0,210.0,12.0,2019-09-01
8,91165022536,2019-09-01 23:59:00,21.98389,-159.34056,30.5,"LIHUE WEATHER SERVICE OFFICE AIRPORT 1020.1, HI US",SOD,6,620.0,1854.0,76.0,84.0,80.0,30.0,29.85,78.0,12.2,89.0,78.0,40.0,24.0,0.12,60.0,18.0,2019-09-01
9,70026027502,2019-09-01 23:59:00,71.2834,-156.7815,9.4,"BARROW AIRPORT, AK US",SOD,6,534.0,2117.0,35.0,41.0,81.0,29.83,29.84,38.0,25.5,44.0,38.0,100.0,42.0,0.0,100.0,35.0,2019-09-01
10,70200026617,2019-09-01 23:59:00,64.5111,-165.44,4.0,"NOME AIRPORT, AK US",SOD,6,643.0,2119.0,51.0,55.0,87.0,29.3,29.28,52.0,17.3,59.0,51.0,80.0,33.0,0.13,90.0,25.0,2019-09-01
11,72419003889,2019-09-01 23:59:00,37.59139,-83.31444,416.1,"JACKSON JULIAN CARROLL AIRPORT, KY US",SOD,6,603.0,1903.0,64.0,79.0,67.0,30.1,28.7,69.0,1.9,89.0,69.0,330.0,17.0,0.0,300.0,10.0,2019-09-01
12,70361025339,2019-09-01 23:59:00,59.512,-139.6712,10.1,"YAKUTAT AIRPORT, AK US",SOD,6,515.0,1921.0,47.0,53.0,76.0,30.0,29.97,51.0,2.4,63.0,43.0,190.0,10.0,0.01,180.0,8.0,2019-09-01
13,70308025713,2019-09-01 23:59:00,57.1552,-170.2222,10.7,"SAINT PAUL ISLAND AIRPORT, AK US",SOD,6,723.0,2118.0,52.0,55.0,95.0,28.95,28.9,53.0,17.3,57.0,52.0,280.0,38.0,0.23,290.0,28.0,2019-09-01
14,72645014898,2019-09-01 23:59:00,44.4794,-88.1366,209.4,"GREEN BAY A S INTERNATIONAL AIRPORT, WI US",SOD,6,515.0,1829.0,56.0,62.0,75.0,30.11,29.34,59.0,3.6,75.0,49.0,200.0,21.0,0.0,190.0,13.0,2019-09-01
15,72635094860,2019-09-01 23:59:00,42.8825,-85.52389,244.8,"GRAND RAPIDS GERALD R FORD INTERNATIONAL AIRPORT, MI US",SOD,6,606.0,1917.0,57.0,63.0,80.0,30.15,29.31,60.0,4.9,68.0,57.0,110.0,16.0,0.18,120.0,12.0,2019-09-01
16,72654014936,2019-09-01 23:59:00,44.3981,-98.2231,390.1,"HURON REGIONAL AIRPORT, SD US",SOD,6,555.0,1910.0,62.0,72.0,78.0,30.02,28.66,65.0,4.5,83.0,60.0,150.0,20.0,,160.0,14.0,2019-09-01
17,72797094240,2019-09-01 23:59:00,47.9375,-124.555,56.4,"QUILLAYUTE AIRPORT, WA US",SOD,6,536.0,1859.0,60.0,62.0,92.0,30.0,29.78,61.0,3.5,67.0,56.0,190.0,17.0,0.2,200.0,12.0,2019-09-01
18,72605014745,2019-09-01 23:59:00,43.2049,-71.50274,104.5,"CONCORD ASOS, NH US",SOD,6,510.0,1821.0,51.0,59.0,73.0,30.34,29.96,55.0,3.3,73.0,45.0,120.0,15.0,0.0,120.0,9.0,2019-09-01
19,72528014733,2019-09-01 23:59:00,42.93997,-78.73615,218.2,"BUFFALO NIAGARA INTERNATIONAL, NY US",SOD,6,539.0,1850.0,56.0,67.0,72.0,30.18,29.46,61.0,6.7,75.0,58.0,150.0,18.0,0.9,200.0,14.0,2019-09-01
20,72344013964,2019-09-01 23:59:00,35.333,-94.3625,136.9,"FORT SMITH REGIONAL AIRPORT, AR US",SOD,6,550.0,1845.0,76.0,83.0,86.0,30.05,29.57,77.0,4.1,91.0,74.0,350.0,24.0,0.04,350.0,20.0,2019-09-01
21,72446003947,2019-09-01 23:59:00,39.2972,-94.7306,306.3,"KANSAS CITY INTERNATIONAL AIRPORT, MO US",SOD,6,547.0,1850.0,64.0,71.0,82.0,30.11,29.03,66.0,4.4,78.0,63.0,80.0,12.0,0.0,80.0,9.0,2019-09-01
22,72562024023,2019-09-01 23:59:00,41.1213,-100.6694,846.7,"NORTH PLATTE REGIONAL AIRPORT, NE US",SOD,6,609.0,1916.0,67.0,77.0,79.0,30.0,27.16,70.0,8.9,87.0,66.0,180.0,24.0,0.0,190.0,17.0,2019-09-01
23,72423093821,2019-09-01 23:59:00,38.1811,-85.7391,148.7,"LOUISVILLE INTERNATIONAL AIRPORT, KY US",SOD,6,612.0,1913.0,65.0,81.0,61.0,30.07,29.56,70.0,5.6,91.0,71.0,240.0,24.0,0.0,240.0,17.0,2019-09-01
24,72515004725,2019-09-01 23:59:00,42.2068,-75.98,486.2,"BINGHAMTON GREATER AP, NY US",SOD,6,529.0,1838.0,52.0,60.0,79.0,30.27,28.55,55.0,6.9,69.0,51.0,170.0,21.0,,180.0,14.0,2019-09-01
25,72519014771,2019-09-01 23:59:00,43.1111,-76.1038,125.9,"SYRACUSE HANCOCK INTERNATIONAL AIRPORT, NY US",SOD,6,528.0,1840.0,54.0,62.0,76.0,30.24,29.82,58.0,6.1,72.0,52.0,360.0,20.0,1.0,290.0,14.0,2019-09-01
26,72513014777,2019-09-01 23:59:00,41.3336,-75.7269,283.5,"WILKES BARRE SCRANTON INTERNATIONAL AIRPORT, PA US",SOD,6,529.0,1836.0,56.0,67.0,68.0,30.26,29.26,60.0,4.0,77.0,57.0,250.0,16.0,0.01,210.0,10.0,2019-09-01
27,72438093819,2019-09-01 23:59:00,39.72517,-86.28168,241.1,"INDIANAPOLIS INTERNATIONAL AIRPORT, IN US",SOD,6,613.0,1917.0,64.0,72.0,79.0,30.09,29.23,66.0,4.7,79.0,65.0,90.0,15.0,,30.0,10.0,2019-09-01
28,72412003872,2019-09-01 23:59:00,37.7836,-81.123,766.3,"BECKLEY RALEIGH CO AIRPORT, WV US",SOD,6,554.0,1854.0,59.0,73.0,65.0,30.14,27.6,64.0,9.1,82.0,63.0,130.0,23.0,0.0,160.0,16.0,2019-09-01
29,72334013893,2019-09-01 23:59:00,35.0564,-89.9865,77.4,"MEMPHIS INTERNATIONAL AIRPORT, TN US",SOD,6,532.0,1827.0,67.0,82.0,61.0,30.06,29.7,72.0,2.8,94.0,69.0,270.0,15.0,0.0,130.0,10.0,2019-09-01
30,72597524235,2019-09-01 23:59:00,42.6003,-123.3641,1168.0,"SEXTON SUMMIT, OR US",SOD,6,538.0,1848.0,53.0,66.0,75.0,29.96,26.14,57.0,4.0,77.0,54.0,310.0,17.0,0.0,340.0,10.0,2019-09-01
31,72785024157,2019-09-01 23:59:00,47.6216,-117.528,717.2,"SPOKANE INTERNATIONAL AIRPORT, WA US",SOD,6,508.0,1831.0,47.0,75.0,39.0,29.9,27.47,58.0,7.7,86.0,64.0,240.0,24.0,0.0,250.0,20.0,2019-09-01
32,72637014826,2019-09-01 23:59:00,42.9666,-83.7494,234.7,"FLINT FCWOS, MI US",SOD,6,559.0,1910.0,55.0,64.0,75.0,30.17,29.36,58.0,3.0,70.0,57.0,160.0,12.0,0.12,160.0,9.0,2019-09-01
33,72644014925,2019-09-01 23:59:00,43.9041,-92.4916,397.5,"ROCHESTER INTERNATIONAL AIRPORT, MN US",SOD,6,533.0,1846.0,56.0,62.0,81.0,30.11,28.69,59.0,7.4,75.0,49.0,210.0,21.0,0.0,210.0,16.0,2019-09-01
34,70219026615,2019-09-01 23:59:00,60.785,-161.8293,31.1,"BETHEL AIRPORT, AK US",SOD,6,640.0,2053.0,51.0,58.0,83.0,29.12,28.97,54.0,12.6,64.0,52.0,110.0,31.0,0.16,120.0,23.0,2019-09-01
35,72745014913,2019-09-01 23:59:00,46.8369,-92.1833,436.8,"DULUTH INTERNATIONAL AIRPORT, MN US",SOD,6,528.0,1849.0,54.0,62.0,75.0,30.07,28.54,58.0,8.3,68.0,55.0,230.0,23.0,,210.0,16.0,2019-09-01
36,72532014842,2019-09-01 23:59:00,40.6675,-89.6839,198.1,"GENERAL WAYNE A. DOWNING INTERNATIONAL AIRPORT, IL US",SOD,6,526.0,1831.0,63.0,67.0,87.0,30.1,29.39,65.0,3.1,72.0,62.0,80.0,17.0,0.62,70.0,12.0,2019-09-01
37,72747014918,2019-09-01 23:59:00,48.5614,-93.3981,360.6,"INTERNATIONAL FALLS INTERNATIONAL AIRPORT, MN US",SOD,6,530.0,1856.0,53.0,54.0,91.0,30.04,28.77,54.0,2.6,65.0,42.0,310.0,12.0,0.03,310.0,9.0,2019-09-01
38,72226013895,2019-09-01 23:59:00,32.2997,-86.4075,61.6,"MONTGOMERY AIRPORT, AL US",SOD,6,521.0,1810.0,72.0,83.0,78.0,30.05,29.83,74.0,6.8,92.0,73.0,100.0,27.0,0.05,90.0,22.0,2019-09-01
39,72539014836,2019-09-01 23:59:00,42.7761,-84.5997,261.8,"LANSING CAPITAL CITY AIRPORT, MI US",SOD,6,603.0,1913.0,55.0,63.0,76.0,30.16,29.24,59.0,3.9,70.0,56.0,120.0,16.0,0.15,120.0,13.0,2019-09-01
40,72639094849,2019-09-01 23:59:00,45.0716,-83.5644,208.5,"ALPENA CO REGIONAL AIRPORT, MI US",SOD,6,556.0,1912.0,51.0,58.0,72.0,30.16,29.44,55.0,5.4,72.0,44.0,100.0,22.0,0.0,110.0,14.0,2019-09-01
41,72524014820,2019-09-01 23:59:00,41.4057,-81.852,238.0,"CLEVELAND HOPKINS INTERNATIONAL AIRPORT, OH US",SOD,6,553.0,1901.0,59.0,71.0,72.0,30.15,29.29,63.0,5.0,79.0,63.0,240.0,13.0,0.21,240.0,10.0,2019-09-01
42,72636014840,2019-09-01 23:59:00,43.17111,-86.23667,190.5,"MUSKEGON CO AIRPORT, MI US",SOD,6,609.0,1920.0,55.0,64.0,75.0,30.15,29.49,59.0,5.4,68.0,59.0,140.0,15.0,,110.0,10.0,2019-09-01
43,72434013994,2019-09-01 23:59:00,38.7525,-90.3736,161.8,"ST LOUIS LAMBERT INTERNATIONAL AIRPORT, MO US",SOD,6,530.0,1832.0,68.0,76.0,81.0,30.06,29.34,70.0,7.3,82.0,69.0,230.0,18.0,,250.0,13.0,2019-09-01
44,72308013737,2019-09-01 23:59:00,36.9033,-76.1922,9.1,"NORFOLK INTERNATIONAL AIRPORT, VA US",SOD,6,535.0,1834.0,72.0,79.0,81.0,30.19,30.16,74.0,8.4,84.0,73.0,80.0,21.0,,70.0,16.0,2019-09-01
45,72405013743,2019-09-01 23:59:00,38.8472,-77.03454,3.0,"WASHINGTON REAGAN NATIONAL AIRPORT, VA US",SOD,6,537.0,1839.0,66.0,77.0,71.0,30.23,30.17,70.0,8.0,83.0,71.0,110.0,18.0,0.0,100.0,14.0,2019-09-01
46,72565003017,2019-09-01 23:59:00,39.8328,-104.6575,1650.2,"DENVER INTERNATIONAL AIRPORT, CO US",SOD,6,526.0,1830.0,42.0,81.0,34.0,29.87,24.68,59.0,7.2,98.0,64.0,170.0,24.0,0.0,180.0,17.0,2019-09-01
47,72440013995,2019-09-01 23:59:00,37.23985,-93.39007,384.7,"SPRINGFIELD WEATHER SERVICE OFFICE AIRPORT, MO US",SOD,6,544.0,1843.0,66.0,75.0,78.0,30.09,28.76,69.0,3.1,85.0,65.0,10.0,11.0,0.0,340.0,8.0,2019-09-01
48,72658014922,2019-09-01 23:59:00,44.8831,-93.2289,265.8,"MINNEAPOLIS ST. PAUL INTERNATIONAL AIRPORT, MN US",SOD,6,535.0,1850.0,59.0,67.0,76.0,30.08,29.18,62.0,5.8,75.0,59.0,230.0,20.0,0.09,230.0,13.0,2019-09-01
49,72514014778,2019-09-01 23:59:00,41.24295,-76.9218,158.5,"WILLIAMSPORT REGIONAL AIRPORT, PA US",SOD,6,534.0,1841.0,56.0,65.0,73.0,30.24,29.7,60.0,5.1,74.0,56.0,130.0,20.0,,160.0,14.0,2019-09-01
50,72641014837,2019-09-01 23:59:00,43.1405,-89.3452,264.0,"MADISON DANE CO REGIONAL AIRPORT, WI US",SOD,6,521.0,1833.0,57.0,65.0,74.0,30.11,29.17,60.0,2.2,77.0,53.0,170.0,14.0,0.0,170.0,12.0,2019-09-01
51,72753014914,2019-09-01 23:59:00,46.9253,-96.8111,274.3,"FARGO HECTOR INTERNATIONAL AIRPORT, ND US",SOD,6,546.0,1907.0,60.0,66.0,84.0,30.04,29.08,62.0,5.6,72.0,60.0,180.0,16.0,,160.0,12.0,2019-09-01
52,72659014929,2019-09-01 23:59:00,45.4433,-98.413,395.3,"ABERDEEN REGIONAL AIRPORT, SD US",SOD,6,555.0,1912.0,60.0,68.0,82.0,30.04,28.66,62.0,4.7,75.0,60.0,110.0,12.0,,110.0,9.0,2019-09-01
53,72617014742,2019-09-01 23:59:00,44.4683,-73.1499,100.6,"BURLINGTON INTERNATIONAL AIRPORT, VT US",SOD,6,515.0,1830.0,51.0,64.0,66.0,30.28,29.91,57.0,6.4,76.0,52.0,200.0,24.0,0.1,200.0,17.0,2019-09-01
54,72407093730,2019-09-01 23:59:00,39.45202,-74.56699,18.3,"ATLANTIC CITY INTERNATIONAL AIRPORT, NJ US",SOD,6,526.0,1830.0,61.0,72.0,69.0,30.27,30.2,65.0,7.2,82.0,61.0,70.0,22.0,0.0,70.0,16.0,2019-09-01
55,72326013891,2019-09-01 23:59:00,35.8181,-83.9858,293.2,"KNOXVILLE AIRPORT, TN US",SOD,6,608.0,1904.0,63.0,77.0,66.0,30.1,29.08,68.0,2.8,89.0,65.0,100.0,10.0,0.0,90.0,8.0,2019-09-01
56,72544014923,2019-09-01 23:59:00,41.46528,-90.52333,180.4,"MOLINE QUAD CITY INTERNATIONAL AIRPORT, IL US",SOD,6,528.0,1835.0,62.0,70.0,81.0,30.1,29.46,65.0,3.9,78.0,61.0,70.0,18.0,0.02,80.0,13.0,2019-09-01
57,72791094224,2019-09-01 23:59:00,46.1569,-123.8825,2.7,"ASTORIA AIRPORT PORT OF, OR US",SOD,6,536.0,1854.0,59.0,66.0,86.0,30.01,29.98,61.0,4.4,71.0,60.0,220.0,19.0,0.0,230.0,14.0,2019-09-01
58,72526604751,2019-09-01 23:59:00,41.79835,-78.6355,652.9,"BRADFORD REGIONAL AIRPORT, PA US",SOD,6,540.0,1848.0,56.0,62.0,81.0,30.22,27.99,58.0,6.0,69.0,54.0,180.0,20.0,0.59,180.0,15.0,2019-09-01
59,72526014860,2019-09-01 23:59:00,42.0803,-80.1824,222.2,"ERIE INTERNATIONAL AIRPORT, PA US",SOD,6,546.0,1855.0,58.0,70.0,70.0,30.15,29.39,62.0,7.5,77.0,62.0,340.0,29.0,0.93,20.0,23.0,2019-09-01
60,72509014739,2019-09-01 23:59:00,42.3606,-71.0097,3.7,"BOSTON, MA US",SOD,6,509.0,1819.0,55.0,67.0,65.0,30.34,30.31,60.0,8.6,72.0,62.0,80.0,18.0,0.0,80.0,14.0,2019-09-01
61,72312003870,2019-09-01 23:59:00,34.90611,-82.21255,291.1,"GRNVL SPART INTERNATIONAL AIRPORT, SC US",SOD,6,601.0,1856.0,63.0,78.0,64.0,30.13,29.13,68.0,5.4,87.0,68.0,50.0,15.0,0.0,70.0,12.0,2019-09-01
62,72240003937,2019-09-01 23:59:00,30.12472,-93.22833,2.7,"LAKE CHARLES REGIONAL AIRPORT, LA US",SOD,6,550.0,1836.0,72.0,85.0,69.0,30.01,29.98,76.0,7.1,96.0,74.0,80.0,24.0,0.0,90.0,20.0,2019-09-01
63,72517014737,2019-09-01 23:59:00,40.64985,-75.44771,118.9,"ALLENTOWN LEHIGH VALLEY INTERNATIONAL AIRPORT, PA US",SOD,6,529.0,1834.0,56.0,72.0,60.0,30.28,29.87,62.0,5.8,82.0,61.0,150.0,24.0,0.0,130.0,14.0,2019-09-01
64,72408013739,2019-09-01 23:59:00,39.87327,-75.22678,3.0,"PHILADELPHIA INTERNATIONAL AIRPORT, PA US",SOD,6,528.0,1833.0,57.0,75.0,58.0,30.27,30.24,64.0,7.4,85.0,65.0,30.0,18.0,0.0,130.0,14.0,2019-09-01
65,72451013985,2019-09-01 23:59:00,37.7686,-99.9678,787.0,"DODGE CITY REGIONAL AIRPORT, KS US",SOD,6,610.0,1909.0,68.0,76.0,81.0,30.04,27.4,70.0,12.2,88.0,64.0,170.0,25.0,0.0,160.0,20.0,2019-09-01
66,70395025325,2019-09-01 23:59:00,55.35,-131.65,24.4,"KETCHIKAN AIRPORT, AK US",SOD,6,452.0,1840.0,56.0,61.0,86.0,30.01,29.9,57.0,4.5,69.0,52.0,120.0,13.0,0.0,120.0,12.0,2019-09-01
67,72302013748,2019-09-01 23:59:00,34.2675,-77.8997,10.1,"WILMINGTON INTERNATIONAL AIRPORT, NC US",SOD,6,545.0,1838.0,72.0,77.0,86.0,30.11,30.08,73.0,8.8,83.0,71.0,90.0,30.0,0.35,100.0,23.0,2019-09-01
68,72518014735,2019-09-01 23:59:00,42.74722,-73.79912,85.3,"ALBANY INTERNATIONAL AIRPORT, NY US",SOD,6,520.0,1830.0,53.0,63.0,66.0,30.3,30.0,58.0,5.3,75.0,51.0,170.0,27.0,,170.0,18.0,2019-09-01
69,70389425367,2019-09-01 23:59:00,55.58,-133.075,3.7,"KLAWOCK AIRPORT, AK US",SOD,6,457.0,1846.0,49.0,61.0,75.0,30.0,29.95,54.0,3.4,73.0,48.0,210.0,13.0,0.0,210.0,12.0,2019-09-01
70,70326025503,2019-09-01 23:59:00,58.6829,-156.6563,20.4,"KING SALMON AIRPORT, AK US",SOD,6,625.0,2027.0,50.0,59.0,76.0,29.28,29.23,54.0,19.7,61.0,56.0,130.0,46.0,0.08,150.0,28.0,2019-09-01
71,72773024153,2019-09-01 23:59:00,46.9208,-114.0925,972.9,"MISSOULA INTERNATIONAL AIRPORT, MT US",SOD,6,556.0,1916.0,50.0,73.0,51.0,29.91,26.67,59.0,3.7,92.0,54.0,360.0,21.0,0.0,10.0,15.0,2019-09-01
72,72315003812,2019-09-01 23:59:00,35.4319,-82.5375,645.3,"ASHEVILLE AIRPORT, NC US",SOD,6,602.0,1858.0,60.0,70.0,73.0,30.16,27.94,64.0,1.7,83.0,57.0,180.0,12.0,0.0,150.0,9.0,2019-09-01
73,72208013880,2019-09-01 23:59:00,32.89943,-80.04075,12.2,"CHARLESTON INTL. AIRPORT, SC US",SOD,6,555.0,1845.0,74.0,82.0,86.0,30.07,30.02,75.0,7.3,88.0,75.0,50.0,17.0,0.33,40.0,14.0,2019-09-01
74,72533014827,2019-09-01 23:59:00,40.9705,-85.2063,241.1,"FORT WAYNE INTERNATIONAL AIRPORT, IN US",SOD,6,607.0,1914.0,60.0,65.0,86.0,30.13,29.26,61.0,6.7,70.0,60.0,100.0,21.0,0.06,100.0,15.0,2019-09-01
75,72375003103,2019-09-01 23:59:00,35.1441,-111.6663,2134.5,"FLAGSTAFF AIRPORT, AZ US",SOD,6,559.0,1854.0,41.0,71.0,38.0,30.0,23.42,54.0,7.3,89.0,53.0,230.0,26.0,0.0,230.0,22.0,2019-09-01
76,72548094910,2019-09-01 23:59:00,42.5544,-92.4011,264.6,"WATERLOO MUNICIPAL AIRPORT, IA US",SOD,6,534.0,1844.0,59.0,64.0,77.0,30.1,29.15,62.0,3.3,79.0,49.0,210.0,19.0,0.0,240.0,12.0,2019-09-01
77,72651014944,2019-09-01 23:59:00,43.5778,-96.7539,435.3,"SIOUX FALLS FOSS FIELD, SD US",SOD,6,550.0,1903.0,62.0,67.0,84.0,30.06,28.54,64.0,5.3,74.0,59.0,200.0,20.0,0.0,200.0,13.0,2019-09-01
78,72552014935,2019-09-01 23:59:00,40.9611,-98.3136,560.8,"GRAND ISLAND CENTRAL NE REGIONAL AIRPORT, NE US",SOD,6,600.0,1906.0,65.0,73.0,82.0,30.08,28.14,67.0,7.5,84.0,61.0,140.0,21.0,0.0,180.0,16.0,2019-09-01
79,72556014941,2019-09-01 23:59:00,41.9855,-97.4352,472.7,"NORFOLK KARL STEFAN MEMORIAL AIRPORT, NE US",SOD,6,555.0,1904.0,65.0,73.0,82.0,30.06,28.43,67.0,9.2,84.0,61.0,200.0,20.0,0.0,190.0,15.0,2019-09-01
80,72235003940,2019-09-01 23:59:00,32.3205,-90.0777,100.6,"JACKSON INTERNATIONAL AIRPORT, MS US",SOD,6,535.0,1825.0,69.0,81.0,71.0,30.02,29.67,73.0,4.3,93.0,69.0,350.0,20.0,0.0,350.0,15.0,2019-09-01
81,70133026616,2019-09-01 23:59:00,66.8667,-162.6333,9.1,"KOTZEBUE AIRPORT, AK US",SOD,6,622.0,2117.0,43.0,,58.0,29.53,29.51,51.0,23.0,,,90.0,39.0,,90.0,32.0,2019-09-01
82,72566024028,2019-09-01 23:59:00,41.8705,-103.593,1202.4,"SCOTTSBLUFF W B HEILIG FIELD AIRPORT, NE US",SOD,6,520.0,1828.0,62.0,78.0,69.0,29.91,25.99,66.0,7.2,93.0,63.0,120.0,19.0,0.0,130.0,17.0,2019-09-01
83,72569024089,2019-09-01 23:59:00,42.89779,-106.47371,1620.9,"CASPER NATRONA CO AIRPORT, WY US",SOD,6,530.0,1841.0,34.0,72.0,35.0,29.92,24.79,52.0,10.8,94.0,49.0,270.0,38.0,0.0,280.0,26.0,2019-09-01
84,72363023047,2019-09-01 23:59:00,35.2295,-101.7042,1098.5,"AMARILLO AIRPORT, TX US",SOD,6,619.0,1914.0,59.0,77.0,58.0,30.0,26.44,66.0,9.6,92.0,62.0,150.0,22.0,0.0,140.0,18.0,2019-09-01
85,72564024018,2019-09-01 23:59:00,41.15778,-104.80694,1863.2,"CHEYENNE WSFO AIRPORT, WY US",SOD,6,526.0,1832.0,36.0,74.0,36.0,29.92,24.08,54.0,9.8,94.0,53.0,260.0,31.0,0.0,300.0,24.0,2019-09-01
86,72417013729,2019-09-01 23:59:00,38.88989,-79.85544,597.7,"ELKINS RANDOLPH CO AIRPORT, WV US",SOD,6,548.0,1850.0,60.0,73.0,67.0,30.2,28.13,65.0,4.7,83.0,62.0,170.0,22.0,0.0,170.0,14.0,2019-09-01
87,72201012836,2019-09-01 23:59:00,24.5571,-81.7554,0.3,"KEY WEST INTERNATIONAL AIRPORT, FL US",SOD,6,608.0,1846.0,75.0,83.0,75.0,29.89,29.88,78.0,7.1,88.0,78.0,290.0,20.0,0.42,300.0,17.0,2019-09-01
88,72206013889,2019-09-01 23:59:00,30.495,-81.6936,7.9,"JACKSONVILLE INTERNATIONAL AIRPORT, FL US",SOD,6,603.0,1850.0,76.0,84.0,83.0,29.99,29.96,78.0,9.7,91.0,77.0,50.0,32.0,0.3,50.0,25.0,2019-09-01
89,72537094847,2019-09-01 23:59:00,42.2313,-83.3308,192.3,"DETROIT METRO AIRPORT, MI US",SOD,6,558.0,1908.0,57.0,65.0,77.0,30.16,29.46,60.0,5.1,68.0,61.0,50.0,13.0,0.13,40.0,9.0,2019-09-01
90,72317013723,2019-09-01 23:59:00,36.0969,-79.9432,271.3,"GREENSBORO AIRPORT, NC US",SOD,6,551.0,1848.0,64.0,75.0,72.0,30.16,29.23,68.0,6.0,84.0,65.0,110.0,19.0,0.0,90.0,15.0,2019-09-01
91,72314013881,2019-09-01 23:59:00,35.2236,-80.9552,221.9,"CHARLOTTE DOUGLAS AIRPORT, NC US",SOD,6,556.0,1851.0,63.0,76.0,62.0,30.14,29.34,68.0,6.4,87.0,65.0,90.0,23.0,0.0,120.0,14.0,2019-09-01
92,72744014858,2019-09-01 23:59:00,47.16861,-88.48889,333.8,"HANCOCK HOUGHTON CO AIRPORT, MI US",SOD,6,613.0,1934.0,51.0,59.0,71.0,30.07,28.94,56.0,6.8,70.0,48.0,300.0,23.0,,290.0,17.0,2019-09-01
93,72504094702,2019-09-01 23:59:00,41.16422,-73.12669,1.5,"IGOR I SIKORSKY MEMORIAL AIRPORT, CT US",SOD,6,519.0,1826.0,56.0,69.0,65.0,30.31,30.29,61.0,10.8,75.0,62.0,90.0,20.0,0.0,100.0,16.0,2019-09-01
94,72688024155,2019-09-01 23:59:00,45.6983,-118.8547,452.9,"PENDLETON E OR REGIONAL AIRPORT, OR US",SOD,6,516.0,1834.0,50.0,74.0,42.0,29.89,28.33,60.0,8.7,88.0,60.0,270.0,24.0,0.0,270.0,18.0,2019-09-01
95,72640014839,2019-09-01 23:59:00,42.955,-87.9044,204.2,"MILWAUKEE MITCHELL INTERNATIONAL AIRPORT, WI US",SOD,6,516.0,1827.0,60.0,67.0,82.0,30.12,29.36,62.0,5.7,70.0,63.0,140.0,18.0,,170.0,13.0,2019-09-01
96,72662024090,2019-09-01 23:59:00,44.04584,-103.05443,963.2,"RAPID CITY REGIONAL AIRPORT, SD US",SOD,6,515.0,1828.0,61.0,70.0,71.0,29.99,26.77,65.0,5.0,84.0,56.0,90.0,18.0,0.0,70.0,14.0,2019-09-01
97,72211012842,2019-09-01 23:59:00,27.96194,-82.5403,5.8,"TAMPA INTERNATIONAL AIRPORT, FL US",SOD,6,609.0,1851.0,75.0,83.0,82.0,29.93,29.92,77.0,5.8,91.0,75.0,110.0,23.0,0.26,110.0,16.0,2019-09-01
98,72410013733,2019-09-01 23:59:00,37.32126,-79.20656,286.5,"LYNCHBURG REGIONAL AIRPORT, VA US",SOD,6,547.0,1846.0,65.0,78.0,70.0,30.19,29.21,69.0,6.1,87.0,69.0,150.0,22.0,,140.0,13.0,2019-09-01
99,70273026451,2019-09-01 23:59:00,61.169,-150.0278,36.6,"ANCHORAGE TED STEVENS INTERNATIONAL AIRPORT, AK US",SOD,6,552.0,2007.0,50.0,62.0,70.0,29.68,29.54,55.0,13.2,68.0,55.0,150.0,41.0,0.02,160.0,26.0,2019-09-01
100,72435003816,2019-09-01 23:59:00,37.0563,-88.7744,125.9,"PADUCAH BARKLEY REGIONAL AIRPORT, KY US",SOD,6,526.0,1824.0,67.0,77.0,72.0,30.05,29.62,71.0,4.1,90.0,64.0,230.0,19.0,0.0,240.0,13.0,2019-09-01
101,72572024127,2019-09-01 23:59:00,40.7781,-111.9694,1287.8,"SALT LAKE CITY INTERNATIONAL AIRPORT, UT US",SOD,6,555.0,1900.0,38.0,85.0,23.0,29.85,25.72,59.0,9.2,100.0,70.0,170.0,22.0,0.0,180.0,17.0,2019-09-01
102,72570024046,2019-09-01 23:59:00,40.49278,-107.52417,1886.7,"CRAIG MOFFAT CO AIRPORT, CO US",SOD,6,537.0,1842.0,37.0,68.0,42.0,30.04,24.08,51.0,2.6,94.0,41.0,280.0,23.0,0.0,250.0,15.0,2019-09-01
103,72792024227,2019-09-01 23:59:00,46.9733,-122.9033,57.3,"OLYMPIA AIRPORT, WA US",SOD,6,531.0,1851.0,57.0,67.0,72.0,30.0,29.78,61.0,3.6,78.0,56.0,220.0,18.0,0.0,180.0,13.0,2019-09-01
104,72231012916,2019-09-01 23:59:00,29.99691,-90.27751,1.2,"NEW ORLEANS AIRPORT, LA US",SOD,6,538.0,1824.0,76.0,87.0,74.0,30.0,29.96,78.0,7.2,91.0,82.0,50.0,23.0,,120.0,17.0,2019-09-01
105,72614594705,2019-09-01 23:59:00,44.2035,-72.5623,343.2,"BARRE MONTPELIER KNAPP STATE AIRPORT, VT US",SOD,6,513.0,1827.0,50.0,59.0,77.0,30.36,29.15,54.0,5.3,72.0,45.0,190.0,20.0,0.04,170.0,15.0,2019-09-01
106,72745594931,2019-09-01 23:59:00,47.38639,-92.83889,412.1,"HIBBING CHISHOLM HIBBING AIRPORT, MN US",SOD,6,530.0,1852.0,53.0,52.0,90.0,30.07,28.61,54.0,3.3,63.0,41.0,360.0,16.0,0.01,350.0,12.0,2019-09-01
107,70231026510,2019-09-01 23:59:00,62.9574,-155.6103,101.5,"MCGRATH AIRPORT, AK US",SOD,6,609.0,2034.0,48.0,61.0,68.0,29.43,29.08,54.0,7.1,72.0,50.0,110.0,36.0,0.02,100.0,24.0,2019-09-01
108,72606014764,2019-09-01 23:59:00,43.64222,-70.30444,13.7,"PORTLAND JETPORT, ME US",SOD,6,505.0,1817.0,51.0,60.0,71.0,30.35,30.28,56.0,5.0,68.0,51.0,100.0,17.0,0.0,100.0,13.0,2019-09-01
109,72557014943,2019-09-01 23:59:00,42.3913,-96.3791,333.8,"SIOUX CITY AIRPORT, IA US",SOD,6,550.0,1900.0,65.0,71.0,83.0,30.06,28.89,67.0,7.0,83.0,59.0,210.0,20.0,0.0,200.0,15.0,2019-09-01
110,72218003820,2019-09-01 23:59:00,33.3644,-81.9633,40.2,"AUGUSTA BUSH FIELD AIRPORT, GA US",SOD,6,602.0,1853.0,71.0,83.0,77.0,30.08,29.94,74.0,4.0,92.0,73.0,120.0,27.0,0.27,130.0,23.0,2019-09-01
111,72456013996,2019-09-01 23:59:00,39.0725,-95.6261,267.0,"TOPEKA ASOS, KS US",SOD,6,551.0,1853.0,65.0,74.0,78.0,30.09,29.16,68.0,2.6,81.0,67.0,140.0,13.0,0.0,150.0,9.0,2019-09-01
112,72546014933,2019-09-01 23:59:00,41.5338,-93.653,291.7,"DES MOINES INTERNATIONAL AIRPORT, IA US",SOD,6,540.0,1848.0,61.0,69.0,77.0,30.09,29.06,64.0,4.3,79.0,59.0,220.0,15.0,0.0,220.0,12.0,2019-09-01
113,72465023065,2019-09-01 23:59:00,39.3672,-101.6932,1114.3,"GOODLAND RENNER FIELD, KS US",SOD,6,515.0,1818.0,,75.0,,,,,15.0,86.0,64.0,,,0.0,170.0,17.0,2019-09-01
114,74486094789,2019-09-01 23:59:00,40.63915,-73.76401,3.4,"JFK INTERNATIONAL AIRPORT, NY US",SOD,6,522.0,1828.0,61.0,69.0,73.0,30.3,30.29,64.0,10.6,76.0,62.0,130.0,21.0,0.0,110.0,17.0,2019-09-01
115,72520094823,2019-09-01 23:59:00,40.4846,-80.2144,366.7,"PITTSBURGH ASOS, PA US",SOD,6,548.0,1853.0,61.0,70.0,80.0,30.17,28.89,64.0,8.3,77.0,62.0,270.0,59.0,3.38,290.0,39.0,2019-09-01
116,72217003813,2019-09-01 23:59:00,32.6847,-83.6527,104.5,"MACON MIDDLE GA REGIONAL AIRPORT, GA US",SOD,6,609.0,1900.0,71.0,82.0,79.0,30.06,29.69,74.0,6.6,90.0,73.0,40.0,21.0,,40.0,16.0,2019-09-01
117,72777094012,2019-09-01 23:59:00,48.5428,-109.7633,787.9,"HAVRE AIRPORT ASOS, MT US",SOD,6,536.0,1901.0,53.0,66.0,64.0,29.97,27.28,59.0,9.3,81.0,51.0,80.0,27.0,,90.0,23.0,2019-09-01
118,72792594227,2019-09-01 23:59:00,47.238,-123.1408,82.6,"SHELTON AIRPORT, WA US",SOD,6,531.0,1853.0,57.0,68.0,74.0,29.98,29.69,61.0,8.2,78.0,57.0,230.0,24.0,0.0,240.0,18.0,2019-09-01
119,72529014768,2019-09-01 23:59:00,43.11722,-77.67541,164.3,"ROCHESTER GREATER INTERNATIONAL, NY US",SOD,6,535.0,1846.0,56.0,65.0,74.0,30.21,29.63,60.0,3.5,76.0,53.0,210.0,16.0,0.52,220.0,13.0,2019-09-01
120,72550014942,2019-09-01 23:59:00,41.3102,-95.8991,299.3,"OMAHA EPPLEY AIRFIELD, NE US",SOD,6,550.0,1857.0,63.0,69.0,81.0,30.08,29.04,66.0,8.5,79.0,59.0,180.0,19.0,0.0,180.0,15.0,2019-09-01
121,72316013870,2019-09-01 23:59:00,31.5358,-82.5067,58.8,"ALMA BACON CO AIRPORT, GA US",SOD,6,606.0,1854.0,74.0,82.0,86.0,30.03,29.82,75.0,3.2,89.0,74.0,100.0,25.0,0.06,90.0,14.0,2019-09-01
122,72353013967,2019-09-01 23:59:00,35.3889,-97.6006,391.7,"OKLAHOMA CITY WILL ROGERS WORLD AIRPORT, OK US",SOD,6,603.0,1858.0,70.0,78.0,81.0,30.05,28.69,72.0,3.5,88.0,67.0,190.0,14.0,0.0,100.0,10.0,2019-09-01
123,72654614946,2019-09-01 23:59:00,44.9047,-97.1494,532.8,"WATERTOWN REGIONAL AIRPORT, SD US",SOD,6,550.0,1906.0,60.0,67.0,86.0,30.05,28.21,62.0,5.8,76.0,57.0,170.0,19.0,,170.0,14.0,2019-09-01
124,72323003856,2019-09-01 23:59:00,34.6441,-86.7869,190.2,"HUNTSVILLE INTNL AIRPORT, AL US",SOD,6,520.0,1814.0,68.0,80.0,70.0,30.08,29.4,71.0,3.3,92.0,67.0,130.0,13.0,0.0,110.0,10.0,2019-09-01
125,72734714841,2019-09-01 23:59:00,45.5644,-84.7927,214.9,"PELLSTON REGIONAL AIRPORT, MI US",SOD,6,600.0,1917.0,47.0,58.0,71.0,30.16,29.41,52.0,2.9,76.0,39.0,250.0,25.0,0.0,320.0,14.0,2019-09-01
126,70381025309,2019-09-01 23:59:00,58.3566,-134.564,4.9,"JUNEAU AIRPORT, AK US",SOD,6,457.0,1858.0,46.0,58.0,67.0,30.01,29.98,51.0,3.7,70.0,45.0,320.0,15.0,0.0,300.0,12.0,2019-09-01
127,72772024144,2019-09-01 23:59:00,46.6056,-111.9636,1166.8,"HELENA AIRPORT ASOS, MT US",SOD,6,548.0,1907.0,46.0,75.0,40.0,29.95,26.05,58.0,6.9,91.0,59.0,100.0,20.0,0.0,90.0,16.0,2019-09-01
128,72241012917,2019-09-01 23:59:00,29.95056,-94.02056,4.9,"PORT ARTHUR SE TX REGIONAL AIRPORT, TX US",SOD,6,553.0,1839.0,73.0,86.0,69.0,29.98,29.96,77.0,6.0,96.0,75.0,40.0,23.0,0.0,30.0,15.0,2019-09-01
129,72425003860,2019-09-01 23:59:00,38.36532,-82.55485,251.2,"HUNTINGTON TRI STATE AIRPORT, WV US",SOD,6,559.0,1900.0,67.0,77.0,74.0,30.09,29.22,70.0,4.0,88.0,66.0,190.0,19.0,,190.0,14.0,2019-09-01
130,74331253925,2019-09-01 23:59:00,34.0502,-94.4008,108.2,"DE QUEEN SEVIER CO AIRPORT, AR US",SOD,6,551.0,1844.0,71.0,82.0,76.0,30.02,29.65,75.0,2.1,95.0,69.0,90.0,9.0,0.0,130.0,7.0,2019-09-01
131,72792394225,2019-09-01 23:59:00,46.9727,-123.9302,3.7,"HOQUIAM BOWERMAN AIRPORT, WA US",SOD,6,535.0,1856.0,62.0,65.0,94.0,30.03,29.99,63.0,4.9,69.0,61.0,270.0,18.0,0.0,270.0,14.0,2019-09-01
132,72525014852,2019-09-01 23:59:00,41.2548,-80.6737,355.7,"YOUNGSTOWN WARREN REGIONAL AIRPORT, OH US",SOD,6,549.0,1856.0,60.0,70.0,78.0,30.15,28.9,63.0,6.1,80.0,59.0,200.0,18.0,0.67,150.0,14.0,2019-09-01
133,72429093815,2019-09-01 23:59:00,39.9064,-84.2185,305.7,"DAYTON INTERNATIONAL AIRPORT, OH US",SOD,6,604.0,1909.0,63.0,73.0,74.0,30.11,29.07,66.0,4.6,83.0,62.0,330.0,17.0,0.0,350.0,12.0,2019-09-01
134,72694024232,2019-09-01 23:59:00,44.905,-123.0011,62.5,"SALEM AIRPORT MCNARY FIELD, OR US",SOD,6,534.0,1849.0,55.0,72.0,61.0,29.98,29.77,61.0,4.8,83.0,60.0,190.0,21.0,0.0,320.0,15.0,2019-09-01
135,72536094830,2019-09-01 23:59:00,41.5871,-83.8055,205.4,"TOLEDO EXPRESS AIRPORT, OH US",SOD,6,601.0,1909.0,60.0,67.0,79.0,30.13,29.41,62.0,4.0,71.0,62.0,80.0,13.0,0.13,80.0,10.0,2019-09-01
136,72248713935,2019-09-01 23:59:00,31.3953,-92.2907,36.0,"ALEXANDRIA ESLER FIELD, LA US",SOD,6,545.0,1833.0,70.0,80.0,74.0,30.0,29.88,73.0,2.8,96.0,64.0,120.0,19.0,0.0,130.0,13.0,2019-09-01
137,72327013897,2019-09-01 23:59:00,36.11889,-86.68917,182.9,"NASHVILLE INTERNATIONAL AIRPORT, TN US",SOD,6,518.0,1815.0,67.0,79.0,68.0,30.08,29.44,71.0,3.2,91.0,67.0,190.0,25.0,0.0,200.0,20.0,2019-09-01
138,72547094908,2019-09-01 23:59:00,42.39778,-90.70361,321.9,"DUBUQUE REGIONAL AIRPORT, IA US",SOD,6,528.0,1837.0,61.0,66.0,87.0,30.12,28.96,63.0,3.8,76.0,56.0,210.0,11.0,0.0,210.0,8.0,2019-09-01
139,70271026425,2019-09-01 23:59:00,62.1591,-145.4588,476.1,"GULKANA AIRPORT, AK US",SOD,6,531.0,1951.0,42.0,49.0,76.0,29.85,28.17,46.0,11.8,64.0,34.0,150.0,37.0,,160.0,29.0,2019-09-01
140,72522014750,2019-09-01 23:59:00,43.33845,-73.61028,97.8,"GLENS FALLS AIRPORT, NY US",SOD,6,518.0,1830.0,53.0,59.0,77.0,30.3,29.95,57.0,1.7,72.0,46.0,200.0,18.0,0.06,190.0,14.0,2019-09-01
141,72241612971,2019-09-01 23:59:00,29.7089,-98.0458,196.6,"NEW BRAUNFELS MUNICIPAL AIRPORT, TX US",SOD,6,609.0,1855.0,68.0,86.0,60.0,29.98,29.31,73.0,4.1,98.0,74.0,60.0,32.0,0.0,90.0,25.0,2019-09-01
142,72253012921,2019-09-01 23:59:00,29.5443,-98.4839,240.5,"SAN ANTONIO INTERNATIONAL AIRPORT, TX US",SOD,6,611.0,1856.0,68.0,88.0,59.0,29.97,29.16,73.0,5.2,98.0,78.0,130.0,28.0,,140.0,20.0,2019-09-01
143,72248013957,2019-09-01 23:59:00,32.4472,-93.8244,77.4,"SHREVEPORT REGIONAL AIRPORT, LA US",SOD,6,550.0,1840.0,67.0,84.0,59.0,30.01,29.74,72.0,4.1,97.0,70.0,60.0,18.0,0.0,80.0,15.0,2019-09-01
144,72450003928,2019-09-01 23:59:00,37.6475,-97.43,402.6,"WICHITA DWIGHT D. EISENHOWER NATIONAL AIRPORT, KS US",SOD,6,600.0,1859.0,67.0,75.0,76.0,30.07,28.67,70.0,5.3,86.0,63.0,150.0,15.0,0.0,140.0,12.0,2019-09-01
145,72255012912,2019-09-01 23:59:00,28.8614,-96.9303,35.1,"VICTORIA REGIONAL AIRPORT, TX US",SOD,6,606.0,1849.0,72.0,86.0,69.0,29.98,29.85,76.0,5.9,99.0,73.0,140.0,23.0,0.0,140.0,20.0,2019-09-01
146,72421093814,2019-09-01 23:59:00,39.0444,-84.6724,269.1,"CINCINNATI NORTHERN KENTUCKY INTERNATIONAL AIRPORT, KY US",SOD,6,607.0,1910.0,65.0,76.0,73.0,30.07,29.16,68.0,4.9,87.0,65.0,180.0,18.0,,180.0,15.0,2019-09-01
147,72324013882,2019-09-01 23:59:00,35.03362,-85.20044,204.2,"CHATTANOOGA AIRPORT, TN US",SOD,6,613.0,1908.0,66.0,80.0,67.0,30.1,29.38,70.0,1.6,93.0,66.0,90.0,13.0,0.0,100.0,10.0,2019-09-01
148,74768853858,2019-09-01 23:59:00,30.46361,-88.53194,5.5,"PASCAGOULA LOTT INTERNATIONAL AIRPORT, MS US",SOD,6,531.0,1817.0,74.0,84.0,82.0,30.0,29.98,76.0,4.3,93.0,75.0,230.0,16.0,0.25,20.0,12.0,2019-09-01
149,72427053868,2019-09-01 23:59:00,36.023,-84.2337,274.3,"OAK RIDGE ASOS, TN US",SOD,6,608.0,1905.0,64.0,78.0,69.0,30.11,29.18,69.0,0.6,90.0,65.0,140.0,10.0,0.0,150.0,8.0,2019-09-01
150,72567024032,2019-09-01 23:59:00,42.8783,-100.55,789.4,"VALENTINE MILLER FIELD AIRPORT, NE US",SOD,6,607.0,1917.0,66.0,76.0,71.0,29.98,27.32,69.0,8.1,89.0,63.0,160.0,20.0,0.0,150.0,15.0,2019-09-01
151,72462023061,2019-09-01 23:59:00,37.4389,-105.8613,2296.1,"ALAMOSA BERGMAN FIELD, CO US",SOD,6,534.0,1833.0,39.0,68.0,42.0,30.09,22.99,51.0,6.5,87.0,49.0,200.0,32.0,0.0,200.0,23.0,2019-09-01
152,72420014891,2019-09-01 23:59:00,40.8204,-82.5178,393.2,"MANSFIELD LAHM REGIONAL AIRPORT, OH US",SOD,6,557.0,1903.0,62.0,68.0,86.0,30.14,28.77,63.0,5.6,77.0,59.0,200.0,27.0,1.27,210.0,21.0,2019-09-01
153,72394023273,2019-09-01 23:59:00,34.8994,-120.4486,73.8,"SANTA MARIA PUBLIC AIRPORT, CA US",SOD,6,534.0,1829.0,57.0,72.0,68.0,29.9,29.63,62.0,3.6,87.0,57.0,320.0,22.0,0.0,310.0,14.0,2019-09-01
154,72402093739,2019-09-01 23:59:00,37.93718,-75.46629,14.0,"WALLOPS ISLAND NASA TEST FACILITY, VA US",SOD,6,531.0,1832.0,70.0,79.0,79.0,30.22,30.19,73.0,11.5,84.0,74.0,80.0,22.0,0.0,70.0,17.0,2019-09-01
155,72250012919,2019-09-01 23:59:00,25.9141,-97.423,7.3,"BROWNSVILLE S PADRE ISLAND INTERNATIONAL AIRPORT, TX US",SOD,6,610.0,1849.0,76.0,88.0,72.0,29.94,29.91,79.0,6.9,98.0,78.0,30.0,24.0,0.0,70.0,20.0,2019-09-01
156,72507014765,2019-09-01 23:59:00,41.7225,-71.4325,16.8,"PROVIDENCE, RI US",SOD,6,511.0,1819.0,56.0,68.0,71.0,30.33,30.27,61.0,6.4,77.0,58.0,210.0,17.0,0.0,160.0,14.0,2019-09-01
157,70267026415,2019-09-01 23:59:00,63.9944,-145.7214,389.2,"BIG DELTA AIRPORT, AK US",SOD,6,526.0,1958.0,40.0,53.0,61.0,29.73,28.38,48.0,17.9,66.0,39.0,190.0,50.0,0.0,190.0,37.0,2019-09-01
158,91413040308,2019-09-01 23:59:00,9.48333,138.08333,13.4,"YAP ISLAND WEATHER SERVICE OFFICE AIRPORT, FM FM",SOD,8,639.0,1857.0,77.0,84.0,83.0,29.82,29.75,79.0,4.1,88.0,80.0,,,0.0,130.0,9.0,2019-09-01
159,72428014821,2019-09-01 23:59:00,39.9907,-82.877,248.7,"JOHN GLENN INTERNATIONAL AIRPORT, OH US",SOD,6,559.0,1903.0,61.0,70.0,77.0,30.11,29.26,64.0,5.6,79.0,61.0,300.0,32.0,0.55,310.0,26.0,2019-09-01
160,72383023187,2019-09-01 23:59:00,34.7436,-118.7242,1374.6,"SANDBERG, CA US",SOD,6,528.0,1822.0,37.0,85.0,19.0,29.93,25.53,58.0,8.5,96.0,73.0,320.0,28.0,0.0,320.0,21.0,2019-09-01
161,72508014740,2019-09-01 23:59:00,41.9375,-72.6819,53.3,"HARTFORD BRADLEY INTERNATIONAL AIRPORT, CT US",SOD,6,516.0,1825.0,54.0,66.0,68.0,30.32,30.12,59.0,5.9,77.0,54.0,180.0,18.0,0.0,160.0,14.0,2019-09-01
162,72310013883,2019-09-01 23:59:00,33.94228,-81.11803,68.6,"COLUMBIA METROPOLITAN AIRPORT, SC US",SOD,6,558.0,1851.0,68.0,83.0,73.0,30.1,29.87,72.0,6.3,92.0,73.0,110.0,32.0,0.61,110.0,26.0,2019-09-01
163,72223013894,2019-09-01 23:59:00,30.68833,-88.24556,65.5,"MOBILE REGIONAL AIRPORT, AL US",SOD,6,529.0,1816.0,75.0,83.0,85.0,30.01,29.77,77.0,6.4,91.0,74.0,10.0,17.0,0.0,20.0,14.0,2019-09-01
164,72698024229,2019-09-01 23:59:00,45.5958,-122.6093,5.8,"PORTLAND INTERNATIONAL AIRPORT, OR US",SOD,6,531.0,1849.0,57.0,75.0,59.0,29.98,29.87,64.0,6.1,84.0,66.0,310.0,20.0,0.0,320.0,14.0,2019-09-01
165,72510094746,2019-09-01 23:59:00,42.2706,-71.8731,304.8,"WORCESTER, MA US",SOD,6,512.0,1822.0,52.0,63.0,68.0,30.34,29.26,57.0,6.0,70.0,56.0,180.0,15.0,0.0,180.0,12.0,2019-09-01
166,72757014916,2019-09-01 23:59:00,47.9428,-97.1839,256.6,"GRAND FORKS INTERNATIONAL AIRPORT, ND US",SOD,6,547.0,1910.0,56.0,62.0,79.0,30.04,29.15,59.0,5.5,72.0,52.0,30.0,16.0,0.01,360.0,13.0,2019-09-01
167,72412503859,2019-09-01 23:59:00,37.2978,-81.20366,870.5,"BLUEFIELD MERCER CO AIRPORT, WV US",SOD,6,555.0,1854.0,58.0,71.0,67.0,30.16,27.27,62.0,4.7,79.0,63.0,150.0,16.0,0.0,150.0,10.0,2019-09-01
168,72403093738,2019-09-01 23:59:00,38.93486,-77.44728,88.4,"WASHINGTON DULLES INTERNATIONAL AIRPORT, VA US",SOD,6,538.0,1841.0,65.0,75.0,74.0,30.22,29.89,68.0,5.8,80.0,69.0,130.0,14.0,,130.0,12.0,2019-09-01
169,72202012839,2019-09-01 23:59:00,25.7881,-80.3169,8.8,"MIAMI INTERNATIONAL AIRPORT, FL US",SOD,6,601.0,1841.0,75.0,86.0,74.0,29.87,29.85,77.0,6.0,93.0,79.0,360.0,21.0,0.46,80.0,15.0,2019-09-01
170,72643014920,2019-09-01 23:59:00,43.8788,-91.2527,198.7,"LA CROSSE MUNICIPAL AIRPORT, WI US",SOD,6,528.0,1841.0,56.0,68.0,71.0,30.09,29.38,61.0,5.6,81.0,54.0,230.0,15.0,0.0,240.0,12.0,2019-09-01
171,72655014926,2019-09-01 23:59:00,45.5433,-94.0513,310.3,"ST. CLOUD REGIONAL AIRPORT, MN US",SOD,6,537.0,1854.0,58.0,63.0,85.0,30.1,28.97,60.0,4.7,68.0,58.0,180.0,16.0,0.03,180.0,12.0,2019-09-01
172,72635594871,2019-09-01 23:59:00,42.1256,-86.4284,196.0,"BENTON HARBOR, MI US",SOD,6,611.0,1920.0,60.0,66.0,83.0,30.12,29.45,62.0,4.9,72.0,59.0,150.0,16.0,0.12,130.0,12.0,2019-09-01
173,72503014732,2019-09-01 23:59:00,40.77944,-73.88035,3.4,"LAGUARDIA AIRPORT, NY US",SOD,6,522.0,1828.0,57.0,72.0,60.0,30.29,30.27,63.0,9.7,78.0,65.0,70.0,22.0,0.0,130.0,16.0,2019-09-01
174,72521014895,2019-09-01 23:59:00,40.9181,-81.4435,369.7,"AKRON CANTON AIRPORT, OH US",SOD,6,552.0,1859.0,62.0,70.0,79.0,30.13,28.82,65.0,6.9,81.0,59.0,180.0,22.0,0.29,200.0,16.0,2019-09-01
175,72259003927,2019-09-01 23:59:00,32.8978,-97.0189,170.7,"DAL FTW WSCMO AIRPORT, TX US",SOD,6,602.0,1853.0,68.0,83.0,62.0,30.0,29.38,73.0,3.2,95.0,71.0,130.0,15.0,0.0,110.0,12.0,2019-09-01
176,72502014734,2019-09-01 23:59:00,40.6825,-74.1694,2.1,"NEWARK LIBERTY INTERNATIONAL AIRPORT, NJ US",SOD,6,523.0,1829.0,58.0,70.0,63.0,30.29,30.27,63.0,9.3,77.0,62.0,130.0,20.0,0.0,120.0,16.0,2019-09-01
177,72543094822,2019-09-01 23:59:00,42.1927,-89.093,222.5,"ROCKFORD GREATER ROCKFORD AIRPORT, IL US",SOD,6,521.0,1831.0,62.0,68.0,87.0,30.13,29.33,64.0,2.9,75.0,61.0,100.0,14.0,0.17,90.0,9.0,2019-09-01
178,72691724284,2019-09-01 23:59:00,43.41333,-124.24361,5.2,"NORTH BEND SOUTHWEST OREGON REGIONAL AIRPORT, OR US",SOD,6,541.0,1852.0,60.0,66.0,89.0,30.04,30.03,62.0,5.6,72.0,59.0,320.0,15.0,0.0,330.0,13.0,2019-09-01
179,72693024221,2019-09-01 23:59:00,44.1278,-123.2206,107.6,"EUGENE MAHLON SWEET FIELD, OR US",SOD,6,536.0,1849.0,55.0,73.0,58.0,30.0,29.6,62.0,4.7,85.0,60.0,260.0,18.0,0.0,280.0,14.0,2019-09-01
180,70174026533,2019-09-01 23:59:00,66.9175,-151.5189,193.2,"BETTLES AIRPORT, AK US",SOD,6,537.0,2033.0,34.0,45.0,55.0,29.79,29.08,43.0,5.9,60.0,30.0,60.0,20.0,0.0,50.0,14.0,2019-09-01
181,72445003945,2019-09-01 23:59:00,38.8169,-92.2183,272.2,"COLUMBIA SNOW, MO US",SOD,6,538.0,1839.0,63.0,70.0,84.0,30.11,29.16,65.0,3.6,76.0,63.0,340.0,12.0,0.0,340.0,10.0,2019-09-01
182,72677024033,2019-09-01 23:59:00,45.8069,-108.5422,1091.5,"BILLINGS INTERNATIONAL AIRPORT, MT US",SOD,6,535.0,1853.0,51.0,75.0,43.0,29.91,26.35,61.0,8.1,89.0,60.0,50.0,19.0,0.0,50.0,16.0,2019-09-01
183,72422093820,2019-09-01 23:59:00,38.0408,-84.6058,298.7,"LEXINGTON BLUEGRASS AIRPORT, KY US",SOD,6,608.0,1908.0,65.0,80.0,64.0,30.08,29.06,70.0,6.7,90.0,69.0,240.0,26.0,0.0,220.0,18.0,2019-09-01
184,91765061705,2019-09-01 23:59:00,-14.33056,-170.71361,3.7,"PAGO PAGO WEATHER SERVICE OFFICE AIRPORT, AS AQ",SOD,8,628.0,1818.0,70.0,80.0,72.0,29.92,29.91,73.0,18.9,81.0,79.0,140.0,27.0,,140.0,23.0,2019-09-01
185,72530094846,2019-09-01 23:59:00,41.96019,-87.93162,201.8,"CHICAGO OHARE INTERNATIONAL AIRPORT, IL US",SOD,6,517.0,1826.0,61.0,68.0,81.0,30.1,29.37,63.0,4.5,73.0,62.0,90.0,17.0,0.34,90.0,14.0,2019-09-01
186,72220012832,2019-09-01 23:59:00,29.73333,-85.03333,5.8,"APALACHICOLA AIRPORT, FL US",SOD,6,617.0,1903.0,74.0,83.0,80.0,29.98,29.96,76.0,7.7,90.0,76.0,60.0,23.0,,60.0,16.0,2019-09-01
187,72764024011,2019-09-01 23:59:00,46.7825,-100.7572,503.2,"BISMARCK MUNICIPAL AIRPORT, ND US",SOD,6,602.0,1923.0,60.0,68.0,80.0,30.04,28.29,62.0,5.2,78.0,58.0,60.0,17.0,,60.0,13.0,2019-09-01
188,72622794790,2019-09-01 23:59:00,43.98867,-76.02623,96.9,"WATERTOWN AIRPORT, NY US",SOD,6,527.0,1840.0,55.0,62.0,77.0,30.23,29.9,58.0,4.8,71.0,53.0,170.0,20.0,0.22,170.0,12.0,2019-09-01
189,91334040505,2019-09-01 23:59:00,7.46666,151.85,1.5,"CHUUK WEATHER SERVICE OFFICE AIRPORT, FM FM",SOD,8,545.0,1801.0,79.0,83.0,88.0,29.78,29.77,80.0,5.1,88.0,77.0,,,1.13,36.0,8.0,2019-09-01
190,72703314609,2019-09-01 23:59:00,46.1185,-67.7928,145.1,"HOULTON AIRPORT, ME US",SOD,6,451.0,1810.0,45.0,54.0,71.0,30.31,29.79,50.0,3.1,70.0,37.0,230.0,14.0,0.0,230.0,12.0,2019-09-01
191,72266013962,2019-09-01 23:59:00,32.4105,-99.6822,545.6,"ABILENE REGIONAL AIRPORT, TX US",SOD,6,614.0,1903.0,65.0,84.0,58.0,30.0,28.19,71.0,6.6,97.0,71.0,90.0,28.0,0.01,170.0,21.0,2019-09-01
192,72535014848,2019-09-01 23:59:00,41.7072,-86.3163,235.6,"SOUTH BEND AIRPORT, IN US",SOD,6,611.0,1919.0,60.0,66.0,81.0,30.13,29.31,62.0,6.2,74.0,58.0,150.0,19.0,0.32,130.0,15.0,2019-09-01
193,72584523225,2019-09-01 23:59:00,39.2774,-120.7102,1608.1,"BLUE CANYON AIRPORT, CA US",SOD,6,531.0,1834.0,40.0,71.0,34.0,29.91,24.87,53.0,4.6,79.0,63.0,170.0,22.0,0.0,190.0,15.0,2019-09-01
194,72619614610,2019-09-01 23:59:00,45.6477,-68.6925,123.7,"MILLINOCKET MUNICIPAL AIRPORT, ME US",SOD,6,456.0,1813.0,48.0,58.0,71.0,30.35,29.9,53.0,2.0,71.0,45.0,200.0,13.0,0.0,160.0,9.0,2019-09-01
195,72332093862,2019-09-01 23:59:00,34.2622,-88.7713,110.0,"TUPELO REGIONAL AIRPORT, MS US",SOD,6,528.0,1821.0,69.0,81.0,69.0,30.06,29.68,72.0,2.7,92.0,69.0,40.0,11.0,0.0,20.0,9.0,2019-09-01
196,72592024257,2019-09-01 23:59:00,40.5175,-122.2986,151.5,"REDDING MUNICIPAL AIRPORT, CA US",SOD,6,536.0,1841.0,48.0,81.0,35.0,29.86,29.33,62.0,4.6,99.0,63.0,180.0,22.0,0.0,160.0,16.0,2019-09-01
197,72597024225,2019-09-01 23:59:00,42.37505,-122.8771,400.2,"MEDFORD INTERNATIONAL AIRPORT, OR US",SOD,6,536.0,1846.0,52.0,74.0,47.0,29.94,28.56,61.0,5.2,89.0,59.0,270.0,19.0,0.0,300.0,14.0,2019-09-01
198,72234013865,2019-09-01 23:59:00,32.3347,-88.7442,89.6,"MERIDIAN KEY FIELD, MS US",SOD,6,530.0,1820.0,71.0,82.0,75.0,30.03,29.7,74.0,4.6,92.0,71.0,40.0,16.0,0.0,90.0,12.0,2019-09-01
199,72251012924,2019-09-01 23:59:00,27.7742,-97.5122,13.4,"CORPUS CHRISTI INTERNATIONAL AIRPORT, TX US",SOD,6,609.0,1851.0,72.0,87.0,67.0,29.97,29.91,76.0,9.2,97.0,76.0,120.0,24.0,0.0,110.0,18.0,2019-09-01
200,72779024146,2019-09-01 23:59:00,48.3042,-114.2636,901.3,"KALISPELL GLACIER AIRPORT, MT US",SOD,6,554.0,1919.0,51.0,70.0,57.0,29.91,26.88,58.0,3.3,88.0,52.0,160.0,14.0,0.01,150.0,13.0,2019-09-01
201,72414013866,2019-09-01 23:59:00,38.3794,-81.59,277.4,"CHARLESTON YEAGER AIRPORT, WV US",SOD,6,556.0,1857.0,64.0,77.0,68.0,30.11,29.09,68.0,3.6,88.0,65.0,150.0,23.0,0.0,200.0,16.0,2019-09-01
202,72251712932,2019-09-01 23:59:00,27.74111,-98.02472,52.7,"ALICE INTERNATIONAL AIRPORT, TX US",SOD,6,611.0,1853.0,70.0,88.0,63.0,29.96,29.77,75.0,6.5,100.0,75.0,90.0,24.0,0.0,110.0,20.0,2019-09-01
203,72583024128,2019-09-01 23:59:00,40.9017,-117.808,1309.4,"WINNEMUCCA AIRPORT, NV US",SOD,6,518.0,1824.0,23.0,71.0,21.0,29.93,25.66,48.0,6.7,96.0,45.0,250.0,25.0,0.0,260.0,20.0,2019-09-01
204,72578024156,2019-09-01 23:59:00,42.9202,-112.5711,1357.0,"POCATELLO REGIONAL AIRPORT, ID US",SOD,6,555.0,1905.0,34.0,71.0,31.0,29.93,25.51,52.0,4.7,96.0,45.0,270.0,18.0,0.0,180.0,14.0,2019-09-01
205,72325003847,2019-09-01 23:59:00,35.9509,-85.0813,569.1,"CROSSVILLE MEMORIAL AIRPORT, TN US",SOD,6,512.0,1808.0,62.0,72.0,72.0,30.13,28.2,65.0,1.8,85.0,59.0,230.0,14.0,0.0,230.0,9.0,2019-09-01
206,70063727406,2019-09-01 23:59:00,70.1917,-148.4772,18.6,"DEADHORSE, AK US",SOD,6,508.0,2037.0,36.0,40.0,85.0,29.84,29.79,39.0,26.2,43.0,37.0,100.0,44.0,0.0,90.0,36.0,2019-09-01
207,72622394725,2019-09-01 23:59:00,44.93583,-74.84583,65.2,"MASSENA INTERNATIONAL AIRPORT, NY US",SOD,6,521.0,1837.0,52.0,61.0,75.0,30.27,30.06,56.0,2.3,76.0,45.0,220.0,18.0,0.18,190.0,14.0,2019-09-01
208,72290023188,2019-09-01 23:59:00,32.7336,-117.1831,4.6,"SAN DIEGO INTERNATIONAL AIRPORT, CA US",SOD,6,523.0,1814.0,67.0,75.0,83.0,29.9,29.86,69.0,4.9,79.0,70.0,280.0,19.0,0.0,280.0,14.0,2019-09-01
209,72219013874,2019-09-01 23:59:00,33.6301,-84.4418,307.8,"ATLANTA HARTSFIELD JACKSON INTERNATIONAL AIRPORT, GA US",SOD,6,612.0,1903.0,67.0,80.0,66.0,30.09,29.03,71.0,7.9,87.0,72.0,70.0,20.0,0.0,40.0,15.0,2019-09-01
210,72476023066,2019-09-01 23:59:00,39.1342,-108.54,1480.7,"GRAND JUNCTION WALKER FIELD, CO US",SOD,6,543.0,1845.0,34.0,81.0,21.0,29.89,25.22,55.0,8.0,100.0,62.0,270.0,24.0,0.0,260.0,16.0,2019-09-01
211,72643514991,2019-09-01 23:59:00,44.8665,-91.4879,269.7,"CHIPPEWA VALLEY REGIONAL AIRPORT, WI US",SOD,6,528.0,1843.0,55.0,62.0,74.0,30.09,29.12,59.0,4.0,72.0,51.0,220.0,21.0,,220.0,14.0,2019-09-01
212,72528704724,2019-09-01 23:59:00,43.10833,-78.93806,178.3,"NIAGARA FALLS INTERNATIONAL AIRPORT, NY US",SOD,6,540.0,1851.0,57.0,63.0,80.0,30.18,29.57,59.0,5.5,72.0,54.0,170.0,17.0,0.84,170.0,13.0,2019-09-01
213,72228013876,2019-09-01 23:59:00,33.56556,-86.745,187.5,"BIRMINGHAM AIRPORT, AL US",SOD,6,521.0,1813.0,69.0,82.0,70.0,30.09,29.42,73.0,5.2,92.0,71.0,120.0,20.0,0.0,120.0,14.0,2019-09-01
214,72311013873,2019-09-01 23:59:00,33.948,-83.3275,239.3,"ATHENS BEN EPPS AIRPORT, GA US",SOD,6,607.0,1859.0,66.0,79.0,69.0,30.11,29.27,70.0,5.9,88.0,69.0,40.0,17.0,0.0,50.0,14.0,2019-09-01
215,72655714910,2019-09-01 23:59:00,45.8679,-95.3941,431.6,"ALEXANDRIA CHANDLER FIELD, MN US",SOD,6,542.0,1900.0,58.0,64.0,83.0,30.09,28.56,60.0,6.2,70.0,58.0,190.0,18.0,0.06,190.0,13.0,2019-09-01
216,72356013968,2019-09-01 23:59:00,36.1994,-95.8872,198.1,"TULSA INTERNATIONAL AIRPORT, OK US",SOD,6,555.0,1852.0,72.0,80.0,79.0,30.03,29.32,74.0,3.0,91.0,69.0,100.0,11.0,0.0,90.0,9.0,2019-09-01
217,72365023050,2019-09-01 23:59:00,35.0419,-106.6155,1618.5,"ALBUQUERQUE INTERNATIONAL AIRPORT, NM US",SOD,6,539.0,1833.0,47.0,82.0,34.0,29.97,24.88,60.0,7.7,95.0,69.0,150.0,25.0,,130.0,22.0,2019-09-01
218,70340025506,2019-09-01 23:59:00,59.7494,-154.9089,43.6,"ILIAMNA AIRPORT, AK US",SOD,6,615.0,2023.0,52.0,59.0,79.0,29.45,29.29,56.0,21.1,61.0,57.0,100.0,46.0,0.34,110.0,32.0,2019-09-01
219,72254013904,2019-09-01 23:59:00,30.1831,-97.6799,146.3,"AUSTIN BERGSTROM INTERNATIONAL AIRPORT, TX US",SOD,6,607.0,1854.0,69.0,85.0,62.0,29.98,29.47,74.0,3.1,97.0,72.0,30.0,36.0,,40.0,25.0,2019-09-01
220,72512614736,2019-09-01 23:59:00,40.29639,-78.32028,451.1,"ALTOONA BLAIR CO AIRPORT, PA US",SOD,6,540.0,1845.0,58.0,66.0,73.0,30.24,28.71,61.0,4.1,71.0,61.0,150.0,18.0,,180.0,10.0,2019-09-01
221,72221513884,2019-09-01 23:59:00,30.77972,-86.5225,57.9,"CRESTVIEW BOB SIKES AIRPORT, FL US",SOD,6,522.0,1809.0,73.0,83.0,76.0,30.01,29.82,76.0,4.3,92.0,74.0,90.0,14.0,0.0,90.0,10.0,2019-09-01
222,72207003822,2019-09-01 23:59:00,32.13133,-81.20237,14.0,"SAVANNAH INTERNATIONAL AIRPORT, GA US",SOD,6,600.0,1849.0,76.0,84.0,86.0,30.05,30.0,77.0,9.5,92.0,76.0,120.0,29.0,0.0,110.0,22.0,2019-09-01
223,72261022010,2019-09-01 23:59:00,29.3784,-100.927,304.5,"DEL RIO INTERNATIONAL AIRPORT, TX US",SOD,6,621.0,1906.0,67.0,88.0,55.0,29.95,28.9,73.0,7.3,98.0,77.0,80.0,31.0,,80.0,25.0,2019-09-01
224,72539514833,2019-09-01 23:59:00,42.2667,-84.4667,304.2,"JACKSON REYNOLDS FIELD, MI US",SOD,6,603.0,1912.0,57.0,64.0,80.0,30.15,29.08,59.0,4.6,70.0,57.0,100.0,15.0,0.16,120.0,10.0,2019-09-01
225,72793024233,2019-09-01 23:59:00,47.4444,-122.3138,112.8,"SEATTLE TACOMA AIRPORT, WA US",SOD,6,528.0,1850.0,57.0,71.0,66.0,30.02,29.54,62.0,5.9,79.0,63.0,210.0,19.0,0.0,190.0,14.0,2019-09-01
226,74793012843,2019-09-01 23:59:00,27.651,-80.4199,8.5,"VERO BEACH INTERNATIONAL AIRPORT, FL US",SOD,6,600.0,1843.0,76.0,83.0,78.0,29.89,29.87,78.0,10.5,89.0,76.0,30.0,35.0,0.06,50.0,23.0,2019-09-01
227,72763024012,2019-09-01 23:59:00,46.7994,-102.7972,786.4,"DICKINSON THEODORE ROOSEVELT REGIONAL AIRPORT, ND US",SOD,6,511.0,1831.0,58.0,70.0,79.0,30.01,27.34,61.0,8.4,84.0,56.0,40.0,22.0,0.01,50.0,17.0,2019-09-01
228,70296026410,2019-09-01 23:59:00,60.4888,-145.4511,9.4,"CORDOVA AIRPORT, AK US",SOD,6,535.0,1947.0,46.0,54.0,77.0,29.91,29.88,50.0,5.2,60.0,48.0,50.0,23.0,0.15,120.0,16.0,2019-09-01
229,72432093817,2019-09-01 23:59:00,38.0441,-87.5205,121.9,"EVANSVILLE REGIONAL AIRPORT, IN US",SOD,6,520.0,1820.0,68.0,77.0,73.0,30.07,29.65,71.0,4.5,87.0,67.0,240.0,17.0,0.0,230.0,13.0,2019-09-01
230,72214093805,2019-09-01 23:59:00,30.39306,-84.35333,16.8,"TALLAHASSEE REGIONAL AIRPORT, FL US",SOD,6,614.0,1900.0,75.0,85.0,78.0,29.99,29.93,77.0,7.1,92.0,77.0,90.0,29.0,,80.0,23.0,2019-09-01
231,72213713878,2019-09-01 23:59:00,31.1522,-81.3908,4.9,"BRUNSWICK MCKINNON AIRPORT, GA US",SOD,6,601.0,1849.0,75.0,84.0,75.0,30.02,29.99,78.0,12.4,90.0,78.0,60.0,27.0,,60.0,21.0,2019-09-01
232,72428693824,2019-09-01 23:59:00,39.94444,-81.89222,268.2,"ZANESVILLE MUNICIPAL AIRPORT, OH US",SOD,6,555.0,1859.0,63.0,71.0,78.0,30.12,29.18,65.0,4.1,82.0,59.0,170.0,30.0,1.05,180.0,21.0,2019-09-01
233,72255512935,2019-09-01 23:59:00,28.72472,-96.25361,3.7,"PALACIOS MUNICIPAL AIRPORT, TX US",SOD,6,603.0,1847.0,73.0,88.0,65.0,29.97,29.95,77.0,8.6,98.0,77.0,120.0,22.0,0.0,120.0,18.0,2019-09-01
234,72551014939,2019-09-01 23:59:00,40.8508,-96.7475,362.7,"LINCOLN AIRPORT, NE US",SOD,6,554.0,1900.0,64.0,70.0,81.0,30.08,28.83,66.0,5.8,82.0,57.0,180.0,21.0,0.0,180.0,14.0,2019-09-01
235,72768094008,2019-09-01 23:59:00,48.2138,-106.6214,696.5,"GLASGOW INTERNATIONAL AIRPORT, MT US",SOD,6,524.0,1848.0,53.0,69.0,61.0,30.0,27.6,59.0,12.7,79.0,58.0,70.0,26.0,0.0,90.0,21.0,2019-09-01
236,70371025333,2019-09-01 23:59:00,57.0481,-135.3647,4.3,"SITKA AIRPORT, AK US",SOD,6,503.0,1858.0,49.0,58.0,72.0,30.02,29.93,53.0,2.7,66.0,49.0,300.0,15.0,0.0,300.0,14.0,2019-09-01
237,72458013984,2019-09-01 23:59:00,39.5514,-97.6508,447.8,"CONCORDIA ASOS, KS US",SOD,6,559.0,1902.0,67.0,73.0,85.0,30.07,28.51,69.0,5.7,83.0,62.0,160.0,17.0,0.0,160.0,13.0,2019-09-01
238,72666024029,2019-09-01 23:59:00,44.7694,-106.9688,1202.4,"SHERIDAN AIRPORT, WY US",SOD,6,530.0,1845.0,50.0,72.0,55.0,29.93,25.96,58.0,4.0,94.0,50.0,300.0,13.0,0.0,200.0,10.0,2019-09-01
239,72429793812,2019-09-01 23:59:00,39.10333,-84.41889,149.4,"CINCINNATI MUNICIPAL AIRPORT LUNKEN FIELD, OH US",SOD,6,606.0,1909.0,66.0,75.0,86.0,30.09,29.57,68.0,2.9,87.0,62.0,330.0,20.0,,200.0,16.0,2019-09-01
240,72411013741,2019-09-01 23:59:00,37.3169,-79.9741,358.1,"ROANOKE INTERNATIONAL AIRPORT, VA US",SOD,6,550.0,1849.0,63.0,76.0,66.0,30.2,28.98,67.0,5.6,86.0,66.0,20.0,19.0,0.0,20.0,16.0,2019-09-01
241,72775024143,2019-09-01 23:59:00,47.4733,-111.3822,1116.8,"GREAT FALLS AIRPORT, MT US",SOD,6,544.0,1906.0,51.0,68.0,60.0,29.94,26.25,58.0,8.7,85.0,50.0,320.0,23.0,0.0,90.0,16.0,2019-09-01
242,72548514940,2019-09-01 23:59:00,43.1544,-93.3269,373.4,"MASON CITY MUNICIPAL AIRPORT, IA US",SOD,6,537.0,1849.0,58.0,63.0,82.0,30.11,28.8,60.0,4.7,77.0,48.0,180.0,18.0,0.0,210.0,12.0,2019-09-01
243,72406093721,2019-09-01 23:59:00,39.1733,-76.684,47.5,"BALTIMORE WASHINGTON INTERNATIONAL AIRPORT, MD US",SOD,6,535.0,1838.0,65.0,77.0,71.0,30.23,30.08,69.0,8.7,83.0,70.0,90.0,19.0,0.0,110.0,16.0,2019-09-01
244,72231453915,2019-09-01 23:59:00,30.0375,-91.8839,7.3,"NEW IBERIA AIRPORT ACADIANA REGIONAL, LA US",SOD,6,544.0,1830.0,76.0,83.0,86.0,29.99,29.96,77.0,5.8,93.0,73.0,10.0,24.0,0.59,20.0,18.0,2019-09-01
245,72232013970,2019-09-01 23:59:00,30.5372,-91.1469,19.5,"BATON ROUGE METRO AIRPORT, LA US",SOD,6,541.0,1828.0,72.0,84.0,75.0,29.99,29.91,75.0,4.6,94.0,73.0,110.0,22.0,,50.0,18.0,2019-09-01
246,72753514919,2019-09-01 23:59:00,46.9258,-98.6691,455.4,"JAMESTOWN MUNICIPAL AIRPORT, ND US",SOD,6,554.0,1915.0,60.0,68.0,84.0,30.04,28.46,62.0,3.9,75.0,61.0,260.0,16.0,0.0,250.0,10.0,2019-09-01
247,72256013959,2019-09-01 23:59:00,31.61889,-97.22833,152.4,"WACO REGIONAL AIRPORT, TX US",SOD,6,604.0,1853.0,68.0,85.0,60.0,30.0,29.47,73.0,4.3,98.0,71.0,40.0,16.0,0.0,90.0,12.0,2019-09-01
248,72417613736,2019-09-01 23:59:00,39.64981,-79.9207,378.0,"MORGANTOWN MUNICIPAL AIRPORT, WV US",SOD,6,548.0,1851.0,63.0,74.0,75.0,30.17,28.87,66.0,5.9,83.0,64.0,170.0,28.0,0.58,170.0,18.0,2019-09-01
249,72584793230,2019-09-01 23:59:00,38.8983,-119.9947,1924.5,"SOUTH LAKE TAHOE AIRPORT, CA US",SOD,6,529.0,1831.0,34.0,59.0,45.0,30.08,23.99,47.0,4.1,83.0,35.0,190.0,35.0,0.0,210.0,17.0,2019-09-01
250,72244693987,2019-09-01 23:59:00,31.23611,-94.75444,87.8,"LUFKIN ANGELINA CO AIRPORT, TX US",SOD,6,555.0,1843.0,69.0,84.0,66.0,30.0,29.67,73.0,3.0,95.0,73.0,80.0,18.0,0.0,80.0,13.0,2019-09-01
251,72618514605,2019-09-01 23:59:00,44.3155,-69.7972,107.0,"AUGUSTA STATE AIRPORT, ME US",SOD,6,502.0,1816.0,50.0,61.0,72.0,30.35,29.96,55.0,3.4,72.0,49.0,190.0,16.0,0.0,190.0,10.0,2019-09-01
252,72334603811,2019-09-01 23:59:00,35.593,-88.9167,132.0,"JACKSON MCKELLAR SIPES AIRPORT, TN US",SOD,6,528.0,1823.0,67.0,76.0,76.0,30.07,29.63,70.0,0.8,91.0,61.0,190.0,11.0,0.0,210.0,7.0,2019-09-01
253,72442013997,2019-09-01 23:59:00,38.1318,-91.76461,338.3,"VICHY ROLLA NATIONAL AIRPORT, MO US",SOD,6,537.0,1837.0,64.0,68.0,88.0,30.11,28.92,65.0,3.8,76.0,59.0,330.0,13.0,0.0,330.0,9.0,2019-09-01
254,72233053865,2019-09-01 23:59:00,30.34333,-89.82222,8.2,"SLIDELL AIRPORT, LA US",SOD,6,536.0,1822.0,73.0,83.0,78.0,29.99,29.95,75.0,4.0,91.0,75.0,170.0,20.0,0.27,150.0,15.0,2019-09-01
255,72313993729,2019-09-01 23:59:00,35.2326,-75.6219,3.4,"CAPE HATTERAS BILLY MITCHELL FIELD, NC US",SOD,6,535.0,1830.0,70.0,83.0,68.0,30.14,30.13,74.0,10.3,89.0,77.0,100.0,26.0,0.01,100.0,20.0,2019-09-01
256,72235893919,2019-09-01 23:59:00,31.1827,-90.4708,125.9,"MCCOMB AIRPORT, MS US",SOD,6,538.0,1826.0,72.0,83.0,74.0,30.0,29.57,75.0,2.9,93.0,72.0,50.0,14.0,0.0,50.0,10.0,2019-09-01
257,72343553921,2019-09-01 23:59:00,34.5467,-93.578,214.0,"MOUNT IDA, AR US",SOD,6,547.0,1841.0,70.0,80.0,80.0,30.04,29.31,72.0,0.7,92.0,67.0,,,0.0,150.0,5.0,2019-09-01
258,72576024021,2019-09-01 23:59:00,42.81538,-108.72611,1704.4,"LANDER AIRPORT, WY US",SOD,6,539.0,1850.0,32.0,75.0,23.0,29.92,24.56,53.0,5.0,94.0,56.0,300.0,28.0,0.0,290.0,20.0,2019-09-01
259,74759013833,2019-09-01 23:59:00,31.28194,-89.25306,46.0,"HATTIESBURG CHAIN MUNICIPAL AIRPORT, MS US",SOD,6,533.0,1821.0,73.0,80.0,82.0,30.02,29.88,75.0,3.4,87.0,73.0,80.0,18.0,0.0,50.0,13.0,2019-09-01
260,72360023051,2019-09-01 23:59:00,36.4486,-103.1539,1511.8,"CLAYTON MUNICIPAL AIR PARK, NM US",SOD,6,524.0,1821.0,52.0,75.0,54.0,30.02,25.17,61.0,11.3,93.0,56.0,250.0,29.0,0.0,250.0,22.0,2019-09-01
261,72203012844,2019-09-01 23:59:00,26.6847,-80.0994,5.8,"WEST PALM BEACH INTERNATIONAL AIRPORT, FL US",SOD,6,600.0,1841.0,75.0,85.0,77.0,29.86,29.85,77.0,11.1,92.0,77.0,10.0,30.0,0.09,360.0,23.0,2019-09-01
262,70251026528,2019-09-01 23:59:00,62.32,-150.095,106.7,"TALKEETNA AIRPORT, AK US",SOD,6,549.0,2010.0,50.0,56.0,83.0,29.72,29.34,53.0,,61.0,51.0,360.0,7.0,0.1,190.0,6.0,2019-09-01
263,72681024131,2019-09-01 23:59:00,43.5666,-116.2405,857.7,"BOISE AIR TERMINAL, ID US",SOD,6,609.0,1921.0,41.0,81.0,26.0,29.83,26.96,58.0,5.6,97.0,65.0,130.0,20.0,0.0,120.0,14.0,2019-09-01
264,72270023044,2019-09-01 23:59:00,31.81111,-106.37583,1194.2,"EL PASO INTERNATIONAL AIRPORT, TX US",SOD,6,541.0,1830.0,51.0,85.0,32.0,29.9,26.12,64.0,5.5,96.0,74.0,50.0,24.0,0.0,50.0,21.0,2019-09-01
265,72688524152,2019-09-01 23:59:00,45.51139,-118.42472,1134.8,"MEACHAM, OR US",SOD,6,515.0,1832.0,47.0,63.0,59.0,29.99,26.23,54.0,1.5,81.0,44.0,50.0,14.0,0.0,40.0,9.0,2019-09-01
266,72248613942,2019-09-01 23:59:00,32.5155,-92.0405,24.1,"MONROE REGIONAL AIRPORT, LA US",SOD,6,543.0,1833.0,66.0,83.0,60.0,30.03,29.95,71.0,4.7,98.0,68.0,60.0,17.0,0.0,40.0,13.0,2019-09-01
267,74671693808,2019-09-01 23:59:00,36.9647,-86.4238,160.9,"BOWLING GREEN WARREN CO AIRPORT, KY US",SOD,6,516.0,1815.0,65.0,79.0,66.0,30.08,29.51,70.0,4.5,91.0,66.0,240.0,23.0,0.0,200.0,16.0,2019-09-01
268,72545014990,2019-09-01 23:59:00,41.8833,-91.7166,264.6,"CEDAR RAPIDS MUNICIPAL AIRPORT, IA US",SOD,6,532.0,1841.0,62.0,67.0,90.0,30.11,29.16,63.0,4.0,75.0,58.0,130.0,12.0,0.0,100.0,8.0,2019-09-01
269,72351013966,2019-09-01 23:59:00,33.9786,-98.4928,310.0,"WICHITA FALLS MUNICIPAL AIRPORT, TX US",SOD,6,607.0,1900.0,71.0,82.0,74.0,30.01,28.95,74.0,6.2,94.0,70.0,110.0,19.0,0.0,110.0,16.0,2019-09-01
270,72656024025,2019-09-01 23:59:00,44.3813,-100.2855,531.0,"PIERRE REGIONAL AIRPORT, SD US",SOD,6,604.0,1918.0,64.0,72.0,87.0,30.0,28.19,65.0,7.4,81.0,62.0,80.0,21.0,0.0,80.0,15.0,2019-09-01
271,74756012816,2019-09-01 23:59:00,29.6919,-82.2755,37.5,"GAINESVILLE REGIONAL AIRPORT, FL US",SOD,6,606.0,1852.0,75.0,83.0,86.0,29.99,29.83,76.0,8.0,89.0,76.0,90.0,33.0,0.39,70.0,24.0,2019-09-01
272,72341993992,2019-09-01 23:59:00,33.2208,-92.8141,76.8,"EL DORADO GOODWIN FIELD, AR US",SOD,6,545.0,1837.0,68.0,81.0,70.0,30.04,29.74,72.0,2.7,97.0,65.0,70.0,17.0,0.0,70.0,14.0,2019-09-01
273,72345013971,2019-09-01 23:59:00,36.2668,-93.1566,418.8,"HARRISON BOONE CO AIRPORT, AR US",SOD,6,544.0,1841.0,67.0,75.0,82.0,30.09,28.65,69.0,2.2,86.0,64.0,170.0,17.0,0.1,170.0,13.0,2019-09-01
274,72646314897,2019-09-01 23:59:00,44.9288,-89.6277,365.8,"WAUSAU ASOS, WI US",SOD,6,520.0,1836.0,52.0,59.0,79.0,30.12,28.82,56.0,4.2,72.0,45.0,270.0,17.0,0.07,270.0,13.0,2019-09-01
275,74746003904,2019-09-01 23:59:00,30.58917,-96.36472,93.0,"COLLEGE STATION EASTERWOOD FIELD, TX US",SOD,6,602.0,1849.0,71.0,87.0,63.0,29.99,29.65,75.0,4.5,97.0,76.0,40.0,17.0,0.0,40.0,13.0,2019-09-01
276,72243012960,2019-09-01 23:59:00,29.98,-95.36,29.0,"HOUSTON INTERCONTINENTAL AIRPORT, TX US",SOD,6,558.0,1844.0,69.0,88.0,60.0,29.98,29.87,75.0,6.1,100.0,76.0,50.0,21.0,0.0,40.0,16.0,2019-09-01
277,72650604840,2019-09-01 23:59:00,43.76944,-88.49083,246.0,"FOND DU LAC CO AIRPORT, WI US",SOD,6,517.0,1830.0,56.0,64.0,76.0,30.12,29.24,59.0,4.0,76.0,51.0,180.0,15.0,0.0,180.0,10.0,2019-09-01
278,72389093193,2019-09-01 23:59:00,36.78,-119.7194,101.5,"FRESNO YOSEMITE INTERNATIONAL, CA US",SOD,6,530.0,1827.0,51.0,87.0,31.0,29.86,29.52,65.0,4.6,102.0,71.0,290.0,16.0,0.0,280.0,13.0,2019-09-01
279,72424303849,2019-09-01 23:59:00,37.08722,-84.07694,362.1,"LONDON CORBIN AIRPORT, KY US",SOD,6,607.0,1905.0,64.0,76.0,71.0,30.11,28.85,68.0,3.2,87.0,64.0,250.0,17.0,0.0,200.0,13.0,2019-09-01
280,72328003894,2019-09-01 23:59:00,36.62389,-87.41944,170.7,"CLARKSVILLE OUTLAW AIRPORT, TN US",SOD,6,521.0,1818.0,66.0,77.0,73.0,30.07,29.49,70.0,2.5,89.0,64.0,240.0,18.0,0.0,250.0,13.0,2019-09-01
281,72205012815,2019-09-01 23:59:00,28.4339,-81.325,27.4,"ORLANDO INTERNATIONAL AIRPORT, FL US",SOD,6,603.0,1847.0,75.0,84.0,80.0,29.92,29.83,78.0,9.6,91.0,77.0,40.0,28.0,0.04,80.0,22.0,2019-09-01
282,72439093822,2019-09-01 23:59:00,39.8447,-89.6839,181.1,"SPRINGFIELD ABRAHAM LINCOLN CAPITAL AIRPORT, IL US",SOD,6,526.0,1830.0,66.0,72.0,88.0,30.09,29.44,68.0,3.8,81.0,62.0,360.0,13.0,1.75,360.0,10.0,2019-09-01
283,72401013740,2019-09-01 23:59:00,37.51151,-77.32344,50.0,"RICHMOND INTERNATIONAL AIRPORT, VA US",SOD,6,539.0,1839.0,66.0,78.0,73.0,30.21,30.03,70.0,6.6,89.0,67.0,110.0,20.0,0.0,110.0,16.0,2019-09-01
284,72495723213,2019-09-01 23:59:00,38.5038,-122.8102,34.7,"SANTA ROSA SONOMA CO AIRPORT, CA US",SOD,6,540.0,1841.0,56.0,75.0,63.0,29.88,29.74,62.0,3.4,96.0,53.0,140.0,18.0,0.0,150.0,15.0,2019-09-01
285,72250612959,2019-09-01 23:59:00,26.18389,-98.25389,30.5,"MCALLEN MILLER INTERNATIONAL AIRPORT, TX US",SOD,6,613.0,1853.0,71.0,91.0,61.0,29.95,29.83,77.0,7.4,101.0,80.0,90.0,25.0,0.0,80.0,18.0,2019-09-01
286,72488023185,2019-09-01 23:59:00,39.4838,-119.7711,1344.2,"RENO AIRPORT, NV US",SOD,6,527.0,1830.0,35.0,77.0,26.0,29.93,25.61,54.0,4.8,97.0,56.0,200.0,26.0,0.0,210.0,22.0,2019-09-01
287,74758013978,2019-09-01 23:59:00,33.4963,-90.0866,40.5,"GREENWOOD LEFLORE AIRPORT, MS US",SOD,6,534.0,1826.0,69.0,82.0,70.0,30.04,29.9,73.0,2.9,95.0,69.0,60.0,15.0,0.0,70.0,12.0,2019-09-01
288,72210612835,2019-09-01 23:59:00,26.585,-81.8614,4.6,"FORT MYERS PAGE FIELD AIRPORT, FL US",SOD,6,607.0,1848.0,75.0,86.0,78.0,29.89,29.87,77.0,6.9,94.0,77.0,330.0,20.0,0.0,340.0,16.0,2019-09-01
289,72230053864,2019-09-01 23:59:00,33.17833,-86.78167,172.2,"ALABASTER SHELBY CO AIRPORT, AL US",SOD,6,521.0,1812.0,70.0,81.0,78.0,30.06,29.45,72.0,2.7,91.0,71.0,130.0,22.0,0.33,120.0,13.0,2019-09-01
290,72655614992,2019-09-01 23:59:00,44.5483,-95.0804,311.2,"REDWOOD FALLS MUNICIPAL AIRPORT, MN US",SOD,6,543.0,1857.0,62.0,68.0,82.0,30.06,28.95,64.0,6.6,77.0,59.0,200.0,17.0,,160.0,13.0,2019-09-01
291,72546194988,2019-09-01 23:59:00,42.11056,-92.91611,296.9,"MARSHALLTOWN MUNICIPAL AIRPORT, IA US",SOD,6,537.0,1846.0,62.0,64.0,88.0,30.1,29.05,63.0,4.8,76.0,51.0,230.0,14.0,0.0,130.0,10.0,2019-09-01
292,72335013877,2019-09-01 23:59:00,36.47967,-82.39898,456.3,"BRISTOL AIRPORT, TN US",SOD,6,601.0,1858.0,61.0,73.0,69.0,30.12,28.56,65.0,1.3,88.0,58.0,180.0,13.0,0.0,210.0,9.0,2019-09-01
293,72329003935,2019-09-01 23:59:00,37.2252,-89.5705,102.4,"CAPE GIRARDEAU MUNICIPAL AIRPORT, MO US",SOD,6,529.0,1827.0,69.0,77.0,77.0,30.06,29.68,71.0,3.4,88.0,66.0,250.0,17.0,0.0,270.0,13.0,2019-09-01
294,72417713734,2019-09-01 23:59:00,39.40375,-77.945,162.8,"MARTINSBURG EASTERN WEST VIRGINIA REGIONAL AIRPORT, WV US",SOD,6,540.0,1843.0,62.0,72.0,63.0,30.1,29.67,67.0,,77.0,66.0,,,0.0,,6.0,2019-09-01
295,72387003160,2019-09-01 23:59:00,36.6206,-116.0278,984.5,"MERCURY DESERT ROCK AIRPORT, NV US",SOD,6,515.0,1812.0,22.0,83.0,9.0,29.82,26.57,55.0,7.1,104.0,62.0,230.0,31.0,0.0,220.0,23.0,2019-09-01
296,72783024149,2019-09-01 23:59:00,46.3747,-117.0156,437.7,"LEWISTON NEZ PERCE CO AIRPORT, ID US",SOD,6,508.0,1827.0,48.0,80.0,35.0,29.88,28.39,61.0,4.7,93.0,66.0,300.0,20.0,0.0,310.0,15.0,2019-09-01
297,72231553917,2019-09-01 23:59:00,30.0494,-90.0288,2.7,"NEW ORLEANS LAKEFRONT AIRPORT, LA US",SOD,6,537.0,1823.0,76.0,85.0,78.0,29.97,29.96,78.0,10.1,88.0,81.0,60.0,17.0,0.0,60.0,16.0,2019-09-01
298,72464093058,2019-09-01 23:59:00,38.28871,-104.50569,1441.4,"PUEBLO MEMORIAL AIRPORT, CO US",SOD,6,527.0,1828.0,51.0,80.0,46.0,29.92,25.32,62.0,6.8,101.0,59.0,360.0,55.0,0.04,360.0,32.0,2019-09-01
299,72449013993,2019-09-01 23:59:00,39.7736,-94.9233,249.3,"ST JOSEPH ROSECRANS MEMORIAL AIRPORT, MO US",SOD,6,547.0,1851.0,64.0,71.0,80.0,30.1,29.23,66.0,2.9,81.0,61.0,160.0,13.0,0.0,200.0,9.0,2019-09-01
300,72240513976,2019-09-01 23:59:00,30.205,-91.9875,11.6,"LAFAYETTE REGIONAL AIRPORT, LA US",SOD,6,545.0,1831.0,73.0,83.0,79.0,29.99,29.95,75.0,4.2,92.0,73.0,60.0,29.0,0.26,30.0,21.0,2019-09-01
301,72547294989,2019-09-01 23:59:00,41.99056,-93.61889,291.1,"AMES MUNICIPAL AIRPORT, IA US",SOD,6,540.0,1848.0,61.0,65.0,84.0,30.09,29.08,63.0,3.9,78.0,51.0,170.0,15.0,0.0,190.0,10.0,2019-09-01
302,70362625323,2019-09-01 23:59:00,59.2433,-135.5094,4.6,"HAINES AIRPORT, AK US",SOD,6,459.0,1904.0,45.0,54.0,65.0,29.98,29.95,51.0,5.4,64.0,44.0,60.0,23.0,0.0,60.0,15.0,2019-09-01
303,72429804850,2019-09-01 23:59:00,40.7075,-84.02722,297.2,"LIMA ALLEN CO AIRPORT, OH US",SOD,6,603.0,1909.0,60.0,66.0,88.0,30.13,29.1,62.0,4.9,70.0,61.0,240.0,19.0,1.53,230.0,15.0,2019-09-01
304,72301003810,2019-09-01 23:59:00,35.74207,-81.38229,358.1,"HICKORY FAA AIRPORT, NC US",SOD,6,557.0,1853.0,63.0,74.0,73.0,30.13,28.92,67.0,2.5,86.0,62.0,50.0,19.0,0.0,50.0,12.0,2019-09-01
305,72384023155,2019-09-01 23:59:00,35.4344,-119.0542,149.0,"BAKERSFIELD AIRPORT, CA US",SOD,6,528.0,1823.0,53.0,88.0,32.0,29.85,29.34,66.0,4.4,101.0,74.0,290.0,15.0,0.0,290.0,13.0,2019-09-01
306,72253312962,2019-09-01 23:59:00,29.3601,-99.1742,280.4,"HONDO MUNICIPAL AIRPORT, TX US",SOD,6,614.0,1859.0,66.0,85.0,57.0,29.97,29.03,72.0,5.9,98.0,71.0,360.0,27.0,0.0,360.0,22.0,2019-09-01
307,72769024137,2019-09-01 23:59:00,48.6033,-112.3752,1169.8,"CUT BANK AIRPORT, MT US",SOD,6,546.0,1912.0,49.0,64.0,62.0,29.98,26.09,55.0,8.2,80.0,48.0,140.0,20.0,0.0,130.0,15.0,2019-09-01
308,72235413927,2019-09-01 23:59:00,32.33667,-90.22139,104.2,"JACKSON HAWKINS FIELD, MS US",SOD,6,536.0,1825.0,70.0,83.0,69.0,30.02,29.67,73.0,4.0,94.0,71.0,40.0,16.0,0.0,50.0,12.0,2019-09-01
309,72341503962,2019-09-01 23:59:00,34.29,-93.06,163.1,"HOT SPRINGS ASOS, AR US",SOD,6,545.0,1839.0,71.0,81.0,73.0,30.05,29.47,74.0,2.5,93.0,69.0,200.0,13.0,,100.0,9.0,2019-09-01
310,72657594960,2019-09-01 23:59:00,45.0622,-93.351,262.4,"MINNEAPOLIS CRYSTAL AIRPORT, MN US",SOD,6,535.0,1851.0,59.0,66.0,79.0,30.07,29.13,61.0,4.9,73.0,59.0,190.0,16.0,0.04,180.0,12.0,2019-09-01
311,72297023129,2019-09-01 23:59:00,33.8116,-118.1463,9.4,"LONG BEACH DAUGHERTY AIRPORT, CA US",SOD,6,526.0,1818.0,64.0,74.0,76.0,29.88,29.83,67.0,5.0,80.0,67.0,190.0,17.0,0.0,180.0,14.0,2019-09-01
312,72295023174,2019-09-01 23:59:00,33.938,-118.3888,29.6,"LOS ANGELES INTERNATIONAL AIRPORT, CA US",SOD,6,527.0,1819.0,65.0,73.0,78.0,29.88,29.54,68.0,5.9,78.0,68.0,270.0,19.0,0.0,270.0,15.0,2019-09-01
313,72657994963,2019-09-01 23:59:00,44.8321,-93.4705,276.5,"MINNEAPOLIS FLYING CLOUD AIRPORT, MN US",SOD,6,536.0,1851.0,59.0,66.0,79.0,30.07,29.05,62.0,5.7,75.0,57.0,200.0,16.0,0.07,210.0,12.0,2019-09-01
314,72252312970,2019-09-01 23:59:00,29.3389,-98.472,174.0,"SAN ANTONIO STINSON MUNICIPAL AIRPORT, TX US",SOD,6,611.0,1856.0,68.0,89.0,56.0,29.95,29.37,74.0,3.6,101.0,76.0,40.0,24.0,0.0,40.0,18.0,2019-09-01
315,72222313899,2019-09-01 23:59:00,30.47806,-87.18694,34.1,"PENSACOLA REGIONAL AIRPORT, FL US",SOD,6,525.0,1812.0,77.0,84.0,84.0,30.0,29.86,78.0,6.3,91.0,77.0,30.0,17.0,,140.0,12.0,2019-09-01
316,74791593718,2019-09-01 23:59:00,33.81619,-78.72048,9.8,"NORTH MYRTLE BEACH, SC US",SOD,6,548.0,1841.0,72.0,80.0,80.0,30.1,30.06,74.0,9.7,86.0,73.0,110.0,27.0,,90.0,20.0,2019-09-01
317,72228693806,2019-09-01 23:59:00,33.2119,-87.6161,45.7,"TUSCALOOSA AIRPORT ASOS, AL US",SOD,6,525.0,1816.0,70.0,82.0,71.0,30.06,29.85,74.0,4.9,93.0,70.0,70.0,19.0,0.0,80.0,15.0,2019-09-01
318,72536614825,2019-09-01 23:59:00,41.01361,-83.66861,243.8,"FINDLAY AIRPORT, OH US",SOD,6,601.0,1908.0,59.0,66.0,80.0,30.11,29.28,62.0,5.9,69.0,62.0,70.0,15.0,0.45,70.0,13.0,2019-09-01
319,91182022521,2019-09-01 23:59:00,21.324,-157.9294,2.1,"HONOLULU INTERNATIONAL AIRPORT, HI US",SOD,6,615.0,1848.0,71.0,86.0,65.0,29.96,29.95,75.0,10.4,92.0,79.0,70.0,27.0,0.03,60.0,21.0,2019-09-01
320,72017553919,2019-09-01 23:59:00,33.6361,-91.7556,88.4,"MONTICELLO MUNICIPAL AIRPORT, AR US",SOD,6,541.0,1833.0,65.0,81.0,63.0,30.05,29.76,71.0,3.2,95.0,67.0,60.0,20.0,0.0,60.0,15.0,2019-09-01
321,72307013786,2019-09-01 23:59:00,36.26056,-76.175,4.0,"ELIZABETH CITY COAST GUARD AIR STATION, NC US",SOD,6,536.0,1833.0,71.0,80.0,77.0,30.18,30.17,74.0,10.1,86.0,73.0,70.0,22.0,0.0,70.0,18.0,2019-09-01
322,72607014606,2019-09-01 23:59:00,44.7978,-68.8185,45.1,"BANGOR INTERNATIONAL AIRPORT, ME US",SOD,6,457.0,1813.0,49.0,60.0,71.0,30.33,30.12,54.0,4.0,72.0,47.0,200.0,17.0,0.0,190.0,14.0,2019-09-01
323,74782053860,2019-09-01 23:59:00,30.3361,-81.5147,12.5,"JACKSONVILLE CRAIG MUNICIPAL AIRPORT, FL US",SOD,6,603.0,1849.0,77.0,84.0,83.0,29.99,29.95,79.0,9.7,89.0,78.0,60.0,28.0,0.41,60.0,21.0,2019-09-01
324,72248453905,2019-09-01 23:59:00,32.54278,-93.745,54.6,"SHREVEPORT DOWNTOWN AIRPORT, LA US",SOD,6,550.0,1840.0,67.0,84.0,60.0,30.02,29.83,73.0,3.3,96.0,72.0,70.0,16.0,0.0,70.0,13.0,2019-09-01
325,72386023169,2019-09-01 23:59:00,36.0719,-115.1634,664.5,"MCCARRAN INTERNATIONAL AIRPORT, NV US",SOD,6,512.0,1808.0,31.0,95.0,11.0,29.8,27.6,61.0,6.7,110.0,79.0,180.0,49.0,,180.0,32.0,2019-09-01
326,72677624036,2019-09-01 23:59:00,47.0492,-109.4578,1263.4,"LEWISTOWN AIRPORT, MT US",SOD,6,537.0,1858.0,51.0,67.0,61.0,29.96,25.81,58.0,9.9,80.0,53.0,90.0,27.0,0.04,110.0,20.0,2019-09-01
327,72407513735,2019-09-01 23:59:00,39.36623,-75.0778,18.3,"MILLVILLE MUNICIPAL AIRPORT, NJ US",SOD,6,528.0,1832.0,59.0,73.0,67.0,30.26,30.17,64.0,6.9,84.0,61.0,120.0,20.0,0.0,120.0,14.0,2019-09-01
328,72267023042,2019-09-01 23:59:00,33.6656,-101.8231,991.8,"LUBBOCK INTERNATIONAL AIRPORT, TX US",SOD,6,621.0,1913.0,60.0,81.0,52.0,29.98,26.78,67.0,6.8,94.0,68.0,40.0,20.0,0.0,50.0,15.0,2019-09-01
329,72309593719,2019-09-01 23:59:00,35.0677,-77.048,5.8,"NEW BERN ASOS, NC US",SOD,6,541.0,1835.0,71.0,79.0,84.0,30.15,30.12,73.0,8.4,86.0,72.0,110.0,21.0,,100.0,16.0,2019-09-01
330,72344593993,2019-09-01 23:59:00,36.0097,-94.1694,381.3,"FAYETTEVILLE DRAKE FIELD, AR US",SOD,6,548.0,1845.0,71.0,77.0,91.0,30.08,28.77,72.0,2.5,85.0,68.0,170.0,19.0,0.18,170.0,15.0,2019-09-01
331,72463523067,2019-09-01 23:59:00,38.04949,-103.51335,1278.3,"LA JUNTA MUNICIPAL AIRPORT, CO US",SOD,6,524.0,1824.0,50.0,80.0,41.0,29.91,25.79,62.0,8.2,101.0,59.0,180.0,26.0,0.0,180.0,18.0,2019-09-01
332,74757093874,2019-09-01 23:59:00,30.4119,-89.0808,12.8,"GULFPORT BILOXI AIRPORT, MS US",SOD,6,533.0,1819.0,74.0,84.0,81.0,29.99,29.95,76.0,4.8,91.0,76.0,100.0,24.0,0.69,100.0,20.0,2019-09-01
333,72443093989,2019-09-01 23:59:00,39.9369,-91.1919,234.4,"QUINCY REGIONAL AIRPORT, IL US",SOD,6,532.0,1836.0,64.0,71.0,82.0,30.09,29.28,66.0,3.5,78.0,64.0,290.0,13.0,0.0,320.0,9.0,2019-09-01
334,70261026411,2019-09-01 23:59:00,64.8039,-147.8761,131.7,"FAIRBANKS INTERNATIONAL AIRPORT, AK US",SOD,6,532.0,2010.0,43.0,57.0,63.0,29.65,29.17,50.0,6.9,70.0,43.0,110.0,21.0,0.0,100.0,16.0,2019-09-01
335,99999940504,2019-09-01 23:59:00,6.9667,158.2167,36.6,"POHNPEI WEATHER SERVICE OFFICE, FM FM",SOD,8,620.0,1835.0,75.0,83.0,82.0,29.82,29.66,77.0,3.6,91.0,74.0,,,0.01,120.0,12.0,2019-09-01
336,72248803996,2019-09-01 23:59:00,32.35,-91.02778,26.2,"TALLULAH VICKSBURG REGIONAL AIRPORT, LA US",SOD,6,539.0,1829.0,69.0,84.0,66.0,30.04,29.93,73.0,3.7,97.0,70.0,40.0,18.0,0.0,30.0,13.0,2019-09-01
337,72542014931,2019-09-01 23:59:00,40.78333,-91.12528,210.9,"BURLINGTON MUNICIPAL AIRPORT, IA US",SOD,6,531.0,1837.0,63.0,69.0,84.0,30.1,29.35,65.0,3.6,76.0,62.0,30.0,16.0,,40.0,12.0,2019-09-01
338,72549994991,2019-09-01 23:59:00,40.6306,-93.9008,345.9,"LAMONI MUNICIPAL AIRPORT, IA US",SOD,6,542.0,1848.0,62.0,68.0,79.0,30.11,28.9,64.0,2.9,79.0,56.0,190.0,13.0,0.0,220.0,10.0,2019-09-01
339,72398093720,2019-09-01 23:59:00,38.34083,-75.51325,14.3,"SALISBURY WICOMICO REGIONAL AIRPORT, MD US",SOD,6,531.0,1832.0,67.0,75.0,78.0,30.24,30.17,69.0,6.9,83.0,67.0,110.0,20.0,0.0,100.0,16.0,2019-09-01
340,72254413958,2019-09-01 23:59:00,30.3208,-97.7604,204.2,"AUSTIN CAMP MABRY, TX US",SOD,6,608.0,1854.0,66.0,88.0,52.0,29.98,29.31,73.0,2.4,99.0,76.0,130.0,21.0,0.0,120.0,14.0,2019-09-01
341,72679824150,2019-09-01 23:59:00,45.6983,-110.4408,1415.2,"LIVINGSTON AIRPORT, MT US",SOD,6,543.0,1900.0,40.0,68.0,40.0,29.92,25.36,54.0,6.8,92.0,44.0,80.0,28.0,0.0,80.0,23.0,2019-09-01
342,74736093042,2019-09-01 23:59:00,36.0167,-102.55,1216.2,"DALHART FAA AIRPORT, TX US",SOD,6,622.0,1918.0,55.0,77.0,50.0,29.99,26.07,64.0,10.9,96.0,58.0,170.0,20.0,0.0,150.0,16.0,2019-09-01
343,72679724132,2019-09-01 23:59:00,45.788,-111.1608,1349.3,"BOZEMAN GALLATIN FIELD AIRPORT, MT US",SOD,6,545.0,1903.0,42.0,69.0,45.0,29.94,25.51,54.0,3.6,90.0,47.0,40.0,17.0,0.0,40.0,14.0,2019-09-01
344,91186022534,2019-09-01 23:59:00,21.1545,-157.0961,135.0,"MOLOKAI KAUNAKAKAI MOLOKAI AIRPORT, HI US",SOD,6,612.0,1844.0,72.0,84.0,71.0,29.98,29.5,75.0,10.8,91.0,77.0,50.0,28.0,0.01,50.0,23.0,2019-09-01
345,72486023154,2019-09-01 23:59:00,39.2952,-114.8466,1908.7,"ELY AIRPORT, NV US",SOD,6,508.0,1810.0,14.0,70.0,14.0,29.91,23.98,46.0,10.4,92.0,47.0,250.0,27.0,0.0,250.0,21.0,2019-09-01
346,72467693073,2019-09-01 23:59:00,39.23,-106.87056,2353.1,"ASPEN PITKIN CO AIRPORT SARDY FIELD, CO US",SOD,6,536.0,1838.0,33.0,69.0,32.0,29.99,22.79,49.0,6.5,87.0,50.0,350.0,25.0,0.0,350.0,16.0,2019-09-01
347,72310613744,2019-09-01 23:59:00,34.18772,-79.73085,44.5,"FLORENCE REGIONAL AIRPORT, SC US",SOD,6,552.0,1845.0,69.0,79.0,82.0,30.11,29.96,72.0,7.2,88.0,69.0,50.0,29.0,0.07,40.0,22.0,2019-09-01
348,72356693950,2019-09-01 23:59:00,34.8822,-95.783,234.7,"MCALESTER REGIONAL AIRPORT, OK US",SOD,6,556.0,1850.0,71.0,81.0,74.0,30.05,29.25,74.0,1.2,92.0,70.0,80.0,10.0,0.0,100.0,6.0,2019-09-01
349,72546514950,2019-09-01 23:59:00,41.1077,-92.4466,256.6,"OTTUMWA INDUSTRIAL AIRPORT, IA US",SOD,6,536.0,1843.0,63.0,68.0,80.0,30.1,29.2,65.0,2.8,79.0,57.0,60.0,12.0,0.0,70.0,9.0,2019-09-01
350,72683094185,2019-09-01 23:59:00,43.595,-118.9564,1261.9,"BURNS MUNICIPAL AIRPORT, OR US",SOD,6,519.0,1831.0,39.0,68.0,38.0,29.93,25.79,53.0,5.9,90.0,46.0,210.0,20.0,0.0,220.0,16.0,2019-09-01
351,72767624013,2019-09-01 23:59:00,48.2552,-101.2733,507.5,"MINOT INTERNATIONAL AIRPORT, ND US",SOD,6,602.0,1927.0,55.0,66.0,75.0,30.05,28.23,59.0,8.5,76.0,55.0,310.0,27.0,,310.0,17.0,2019-09-01
352,72427303804,2019-09-01 23:59:00,39.3395,-81.4438,253.3,"PARKERSBURG AIRPORT, WV US",SOD,6,554.0,1857.0,64.0,76.0,75.0,30.15,29.25,68.0,4.4,87.0,64.0,190.0,24.0,0.17,210.0,18.0,2019-09-01
353,72341813977,2019-09-01 23:59:00,33.456,-93.98776,110.0,"TEXARKANA WEBB FIELD, AR US",SOD,6,550.0,1842.0,67.0,82.0,65.0,30.03,29.62,72.0,3.1,95.0,69.0,90.0,13.0,0.0,50.0,9.0,2019-09-01
354,72462593005,2019-09-01 23:59:00,37.14306,-107.76028,2033.0,"DURANGO LA PLATA CO AIRPORT, CO US",SOD,6,542.0,1840.0,40.0,71.0,32.0,30.02,23.69,54.0,5.5,89.0,52.0,120.0,29.0,0.0,130.0,21.0,2019-09-01
355,72418013781,2019-09-01 23:59:00,39.6744,-75.60567,24.1,"WILMINGTON NEW CASTLE CO AIRPORT, DE US",SOD,6,530.0,1834.0,61.0,74.0,68.0,30.26,30.19,65.0,8.5,82.0,66.0,160.0,22.0,0.0,170.0,17.0,2019-09-01
356,72591024216,2019-09-01 23:59:00,40.1519,-122.2536,107.6,"RED BLUFF MUNICIPAL AIRPORT, CA US",SOD,6,536.0,1841.0,49.0,81.0,35.0,29.87,29.5,62.0,5.8,98.0,64.0,140.0,21.0,0.0,140.0,17.0,2019-09-01
357,72278023183,2019-09-01 23:59:00,33.4277,-112.0038,337.4,"PHOENIX AIRPORT, AZ US",SOD,6,602.0,1853.0,62.0,97.0,35.0,29.81,28.71,73.0,8.1,108.0,86.0,70.0,51.0,,70.0,43.0,2019-09-01
358,78535011630,2019-09-01 23:59:00,18.2552,-65.6411,10.1,"ROOSEVELT ROADS, PR US",SOD,6,608.0,1837.0,76.0,83.0,81.0,29.96,29.91,78.0,3.8,89.0,77.0,100.0,14.0,0.0,120.0,10.0,2019-09-01
359,72354503965,2019-09-01 23:59:00,36.1624,-97.0894,299.9,"STILLWATER REGIONAL AIRPORT, OK US",SOD,6,600.0,1856.0,69.0,79.0,73.0,30.04,29.02,72.0,3.5,90.0,68.0,160.0,13.0,0.0,150.0,12.0,2019-09-01
360,72263023034,2019-09-01 23:59:00,31.3516,-100.495,584.0,"SAN ANGELO MATHIS FIELD AIRPORT, TX US",SOD,6,618.0,1906.0,62.0,84.0,53.0,29.99,28.07,69.0,4.5,99.0,68.0,80.0,27.0,0.0,90.0,21.0,2019-09-01
361,72204012838,2019-09-01 23:59:00,28.1011,-80.6439,8.2,"MELBOURNE INTERNATIONAL AIRPORT, FL US",SOD,6,601.0,1844.0,77.0,86.0,73.0,29.9,29.88,79.0,14.3,91.0,80.0,20.0,35.0,0.09,30.0,26.0,2019-09-01
362,72553394957,2019-09-01 23:59:00,40.08028,-95.59194,298.7,"FALLS CITY BRENNER FIELD, NE US",SOD,6,550.0,1854.0,64.0,69.0,85.0,30.09,29.05,66.0,4.0,80.0,58.0,170.0,17.0,0.0,180.0,10.0,2019-09-01
363,72254203999,2019-09-01 23:59:00,30.7406,-98.2354,392.6,"BURNET MUNICIPAL AIRPORT, TX US",SOD,6,609.0,1856.0,68.0,82.0,64.0,30.02,28.7,72.0,3.5,93.0,71.0,70.0,35.0,0.84,70.0,25.0,2019-09-01
364,72774024135,2019-09-01 23:59:00,45.9647,-112.5006,1678.2,"BUTTE BERT MOONEY AIRPORT, MT US",SOD,6,551.0,1909.0,40.0,67.0,44.0,29.95,24.57,52.0,4.9,88.0,46.0,130.0,19.0,0.0,140.0,14.0,2019-09-01
365,72787094119,2019-09-01 23:59:00,47.9742,-117.4292,667.8,"DEER PARK AIRPORT, WA US",SOD,6,508.0,1831.0,48.0,67.0,56.0,29.92,27.63,56.0,4.6,87.0,47.0,220.0,22.0,0.0,230.0,17.0,2019-09-01
366,72306013722,2019-09-01 23:59:00,35.8923,-78.7819,126.8,"RALEIGH AIRPORT, NC US",SOD,6,547.0,1843.0,65.0,75.0,74.0,30.16,29.71,69.0,5.6,86.0,63.0,100.0,19.0,0.0,80.0,14.0,2019-09-01
367,72582524121,2019-09-01 23:59:00,40.8288,-115.7886,1533.1,"ELKO REGIONAL AIRPORT, NV US",SOD,6,510.0,1816.0,30.0,70.0,26.0,29.95,24.99,50.0,4.1,97.0,43.0,270.0,24.0,0.0,280.0,18.0,2019-09-01
368,72228713871,2019-09-01 23:59:00,33.5872,-85.8556,181.1,"ANNISTON METROPOLITAN AIRPORT, AL US",SOD,6,517.0,1809.0,70.0,79.0,78.0,30.07,29.44,72.0,4.0,88.0,69.0,120.0,20.0,,130.0,15.0,2019-09-01
369,72399014711,2019-09-01 23:59:00,40.1962,-76.7724,95.1,"MIDDLETOWN HARRISBURG INTERNATIONAL AIRPORT, PA US",SOD,6,534.0,1839.0,58.0,74.0,61.0,30.25,29.92,63.0,5.4,82.0,65.0,150.0,20.0,0.0,140.0,14.0,2019-09-01
370,72287493134,2019-09-01 23:59:00,34.0236,-118.2911,54.6,"LOS ANGELES DOWNTOWN USC, CA US",SOD,6,527.0,1819.0,65.0,77.0,69.0,29.86,29.67,69.0,1.1,85.0,68.0,280.0,12.0,0.0,270.0,8.0,2019-09-01
371,72658414927,2019-09-01 23:59:00,44.9322,-93.0558,213.4,"ST. PAUL DOWNTOWN AIRPORT, MN US",SOD,6,534.0,1850.0,59.0,66.0,80.0,30.08,29.31,62.0,5.1,75.0,57.0,240.0,15.0,0.14,250.0,12.0,2019-09-01
372,72537514822,2019-09-01 23:59:00,42.40917,-83.01,190.8,"DETROIT CITY AIRPORT, MI US",SOD,6,557.0,1907.0,59.0,66.0,84.0,30.17,29.51,61.0,4.0,70.0,61.0,90.0,14.0,0.17,90.0,10.0,2019-09-01
373,74768013939,2019-09-01 23:59:00,33.4825,-90.98528,39.0,"GREENVILLE ASOS, MS US",SOD,6,538.0,1830.0,68.0,79.0,71.0,30.06,29.9,72.0,4.1,93.0,65.0,20.0,15.0,0.0,30.0,12.0,2019-09-01
374,72781024243,2019-09-01 23:59:00,46.5683,-120.5428,324.3,"YAKIMA AIRPORT, WA US",SOD,6,522.0,1841.0,50.0,72.0,51.0,29.9,28.78,60.0,7.4,88.0,55.0,160.0,29.0,0.0,190.0,22.0,2019-09-01
375,72323513896,2019-09-01 23:59:00,34.7441,-87.5997,164.6,"MUSCLE SHOALS AIRPORT, AL US",SOD,6,523.0,1817.0,67.0,80.0,69.0,30.07,29.49,71.0,1.7,94.0,66.0,170.0,12.0,0.0,80.0,10.0,2019-09-01
376,72505394728,2019-09-01 23:59:00,40.77898,-73.96925,42.7,"NY CITY CENTRAL PARK, NY US",SOD,6,523.0,1829.0,57.0,71.0,62.0,30.3,30.15,62.0,4.4,78.0,63.0,160.0,15.0,0.0,50.0,12.0,2019-09-01
377,72244012918,2019-09-01 23:59:00,29.63806,-95.28194,13.4,"HOUSTON WILLIAM P HOBBY AIRPORT, TX US",SOD,6,558.0,1844.0,71.0,88.0,61.0,29.99,29.93,76.0,6.6,96.0,79.0,50.0,20.0,0.0,90.0,15.0,2019-09-01
378,72564524022,2019-09-01 23:59:00,41.3167,-105.6833,2214.7,"LARAMIE AIRPORT, WY US",SOD,6,529.0,1836.0,29.0,68.0,33.0,29.95,23.15,49.0,11.6,88.0,47.0,270.0,35.0,0.0,280.0,28.0,2019-09-01
379,99999940710,2019-09-01 23:59:00,7.06497,171.27203,3.0,"MAJURO WBAS AIRPORT, MH RM",SOD,8,628.0,1843.0,74.0,85.0,70.0,29.82,29.81,77.0,5.6,88.0,82.0,,,0.0,100.0,8.0,2019-09-01
380,72349513987,2019-09-01 23:59:00,37.15221,-94.49527,296.3,"JOPLIN REGIONAL AIRPORT, MO US",SOD,6,548.0,1847.0,68.0,76.0,83.0,30.09,29.05,70.0,3.6,85.0,66.0,10.0,13.0,0.0,60.0,8.0,2019-09-01
381,72226813839,2019-09-01 23:59:00,31.3167,-85.45,114.0,"DOTHAN REGIONAL AIRPORT, AL US",SOD,6,518.0,1806.0,72.0,83.0,77.0,30.05,29.7,75.0,6.1,91.0,74.0,40.0,21.0,0.0,40.0,15.0,2019-09-01
382,72319093846,2019-09-01 23:59:00,34.4977,-82.7097,231.6,"ANDERSON FAA AIRPORT, SC US",SOD,6,604.0,1857.0,63.0,80.0,61.0,30.11,29.31,69.0,6.4,89.0,71.0,70.0,20.0,0.0,60.0,16.0,2019-09-01
383,72574424027,2019-09-01 23:59:00,41.59466,-109.05296,2055.0,"ROCK SPRINGS AIRPORT, WY US",SOD,6,542.0,1850.0,26.0,73.0,19.0,29.99,23.59,49.0,7.3,89.0,57.0,290.0,31.0,0.0,290.0,22.0,2019-09-01
384,72225593842,2019-09-01 23:59:00,32.5161,-84.9422,119.5,"COLUMBUS METROPOLITAN AIRPORT, GA US",SOD,6,614.0,1905.0,73.0,81.0,89.0,30.06,29.65,74.0,5.0,88.0,74.0,100.0,27.0,0.42,120.0,20.0,2019-09-01
385,72492023237,2019-09-01 23:59:00,37.8891,-121.2258,7.9,"STOCKTON METROPOLITAN AIRPORT, CA US",SOD,6,535.0,1834.0,50.0,81.0,37.0,29.87,29.83,63.0,5.8,101.0,61.0,300.0,19.0,0.0,300.0,15.0,2019-09-01
386,78543011640,2019-09-01 23:59:00,18.3363,-64.98,6.1,"CYRIL E. KING AIRPORT, VI US",SOD,6,605.0,1834.0,75.0,84.0,77.0,29.94,29.93,78.0,6.3,88.0,79.0,120.0,15.0,0.0,140.0,12.0,2019-09-01
387,72244813972,2019-09-01 23:59:00,32.35417,-95.4025,165.8,"TYLER POUNDS FIELD, TX US",SOD,6,556.0,1846.0,66.0,86.0,58.0,30.01,29.44,72.0,3.9,98.0,73.0,80.0,18.0,0.0,70.0,14.0,2019-09-01
388,70259026523,2019-09-01 23:59:00,60.5797,-151.2391,27.7,"KENAI AIRPORT, AK US",SOD,6,558.0,2010.0,49.0,61.0,69.0,29.64,29.55,54.0,6.9,69.0,52.0,110.0,28.0,0.01,110.0,17.0,2019-09-01
389,74739013961,2019-09-01 23:59:00,32.81917,-97.36139,209.4,"FORT WORTH MEACHAM FIELD, TX US",SOD,6,604.0,1854.0,68.0,83.0,63.0,30.01,29.27,73.0,4.6,94.0,71.0,100.0,14.0,0.0,110.0,10.0,2019-09-01
390,72453013969,2019-09-01 23:59:00,36.73667,-97.10194,304.8,"PONCA CITY MUNICIPAL AIRPORT, OK US",SOD,6,559.0,1857.0,69.0,77.0,79.0,30.06,29.02,71.0,4.0,88.0,65.0,130.0,12.0,0.0,130.0,9.0,2019-09-01
391,72494023234,2019-09-01 23:59:00,37.6197,-122.3647,2.4,"SAN FRANCISCO INTERNATIONAL AIRPORT, CA US",SOD,6,539.0,1839.0,57.0,69.0,69.0,29.91,29.89,62.0,14.2,77.0,61.0,280.0,36.0,0.0,280.0,30.0,2019-09-01
392,72247003901,2019-09-01 23:59:00,32.38472,-94.71167,111.3,"LONGVIEW E TEXAS REGIONAL AIRPORT, TX US",SOD,6,554.0,1843.0,69.0,85.0,66.0,30.0,29.62,74.0,2.7,97.0,72.0,90.0,17.0,0.0,60.0,13.0,2019-09-01
393,72265023023,2019-09-01 23:59:00,31.9475,-102.2086,872.3,"MIDLAND INTERNATIONAL AIRPORT, TX US",SOD,6,624.0,1913.0,61.0,82.0,53.0,29.97,27.14,68.0,6.2,94.0,69.0,150.0,23.0,0.0,160.0,20.0,2019-09-01
394,72467494050,2019-09-01 23:59:00,40.04417,-107.88861,1940.4,"MEEKER AIRPORT, CO US",SOD,6,539.0,1843.0,35.0,70.0,34.0,29.99,23.9,51.0,5.4,92.0,47.0,230.0,24.0,0.0,290.0,17.0,2019-09-01
395,72455503936,2019-09-01 23:59:00,39.1346,-96.6788,321.9,"MANHATTAN ASOS, KS US",SOD,6,555.0,1858.0,66.0,74.0,81.0,30.08,28.95,68.0,2.6,85.0,62.0,140.0,14.0,0.0,150.0,10.0,2019-09-01
396,72410613728,2019-09-01 23:59:00,36.5729,-79.3351,174.0,"DANVILLE REGIONAL AIRPORT, VA US",SOD,6,548.0,1846.0,63.0,75.0,72.0,30.16,29.55,67.0,3.6,87.0,63.0,60.0,16.0,0.0,60.0,13.0,2019-09-01
397,72669024057,2019-09-01 23:59:00,41.8,-107.2,2053.1,"RAWLINS AIRPORT, WY US",SOD,6,534.0,1842.0,26.0,69.0,23.0,29.96,23.58,48.0,8.4,90.0,47.0,280.0,36.0,0.0,260.0,24.0,2019-09-01
398,72767094014,2019-09-01 23:59:00,48.1738,-103.6366,579.7,"WILLISTON SLOULIN FIELD, ND US",SOD,6,612.0,1936.0,54.0,66.0,67.0,30.04,28.04,59.0,7.9,81.0,50.0,60.0,24.0,0.0,50.0,16.0,2019-09-01
399,74783012849,2019-09-01 23:59:00,26.07875,-80.16217,3.4,"FORT LAUDERDALE INTERNATIONAL AIRPORT, FL US",SOD,6,601.0,1840.0,75.0,85.0,76.0,29.85,29.85,78.0,7.7,92.0,78.0,330.0,23.0,0.05,330.0,17.0,2019-09-01
400,72268023009,2019-09-01 23:59:00,33.3075,-104.5083,1112.2,"ROSWELL INDUSTRIAL AIR PARK, NM US",SOD,6,532.0,1823.0,54.0,85.0,42.0,29.94,26.36,64.0,7.2,96.0,73.0,80.0,22.0,,90.0,16.0,2019-09-01
401,72593023233,2019-09-01 23:59:00,36.6636,-121.6081,22.6,"SALINAS AIRPORT, CA US",SOD,6,537.0,1835.0,57.0,70.0,67.0,29.93,29.82,62.0,6.8,83.0,57.0,320.0,21.0,0.0,310.0,17.0,2019-09-01
402,72782594239,2019-09-01 23:59:00,47.3977,-120.2013,374.6,"WENATCHEE PANGBORN MEMORIAL AIRPORT, WA US",SOD,6,519.0,1841.0,48.0,75.0,41.0,29.88,28.59,59.0,8.7,86.0,64.0,300.0,25.0,0.0,290.0,21.0,2019-09-01
403,72576394053,2019-09-01 23:59:00,42.0613,-104.1584,1279.9,"TORRINGTON MUNICIPAL AIRPORT, WY US",SOD,6,522.0,1831.0,57.0,79.0,65.0,29.9,25.75,64.0,7.2,97.0,60.0,300.0,24.0,0.0,300.0,20.0,2019-09-01
404,72495593227,2019-09-01 23:59:00,38.2102,-122.2847,4.3,"NAPA CO AIRPORT, CA US",SOD,6,539.0,1839.0,59.0,70.0,71.0,29.87,29.83,63.0,6.5,86.0,54.0,200.0,18.0,0.0,200.0,16.0,2019-09-01
405,70362025335,2019-09-01 23:59:00,59.4556,-135.3239,6.1,"SKAGWAY AIRPORT, AK US",SOD,6,458.0,1904.0,45.0,58.0,65.0,29.96,29.91,51.0,7.5,65.0,50.0,210.0,26.0,0.0,210.0,20.0,2019-09-01
406,70272526491,2019-09-01 23:59:00,61.17806,-149.96638,27.4,"ANCHORAGE LAKE HOOD SEA PLANE BASE, AK US",SOD,6,552.0,2007.0,50.0,61.0,72.0,29.69,29.55,54.0,6.9,69.0,53.0,180.0,29.0,0.03,180.0,18.0,2019-09-01
407,72352603932,2019-09-01 23:59:00,35.3568,-99.2042,585.8,"CLINTON SHERMAN AIRPORT, OK US",SOD,6,609.0,1904.0,69.0,80.0,75.0,30.04,28.04,72.0,9.2,90.0,69.0,120.0,21.0,0.0,120.0,16.0,2019-09-01
408,74230024037,2019-09-01 23:59:00,46.4266,-105.8825,799.8,"MILES CITY AIRPORT, MT US",SOD,6,523.0,1843.0,55.0,71.0,62.0,29.95,27.24,61.0,10.7,87.0,55.0,30.0,28.0,,60.0,22.0,2019-09-01
409,72340313963,2019-09-01 23:59:00,34.7273,-92.2389,78.6,"LITTLE ROCK AIRPORT ADAMS FIELD, AR US",SOD,6,542.0,1836.0,70.0,81.0,73.0,30.06,29.78,74.0,2.3,92.0,70.0,100.0,13.0,0.0,100.0,10.0,2019-09-01
410,72353753913,2019-09-01 23:59:00,35.8517,-97.4142,325.5,"GUTHRIE MUNICIPAL AIRPORT, OK US",SOD,6,601.0,1857.0,69.0,79.0,77.0,30.06,28.94,72.0,3.8,89.0,68.0,130.0,19.0,0.0,140.0,10.0,2019-09-01
411,72252612947,2019-09-01 23:59:00,28.45667,-99.21833,145.1,"COTULLA LA SALLE CO AIRPORT, TX US",SOD,6,615.0,1858.0,65.0,88.0,51.0,29.96,29.47,73.0,6.4,100.0,75.0,140.0,21.0,0.0,150.0,16.0,2019-09-01
412,72505004781,2019-09-01 23:59:00,40.79388,-73.10189,25.6,"ISLIP LI MACARTHUR AIRPORT, NY US",SOD,6,519.0,1825.0,58.0,68.0,72.0,30.3,30.19,62.0,8.6,76.0,59.0,130.0,22.0,0.0,120.0,17.0,2019-09-01
413,78526011641,2019-09-01 23:59:00,18.4325,-66.0108,2.7,"SAN JUAN L M MARIN INTERNATIONAL AIRPORT, PR US",SOD,6,609.0,1838.0,75.0,82.0,80.0,29.94,29.93,77.0,5.5,87.0,77.0,160.0,24.0,1.37,70.0,16.0,2019-09-01
414,72274023160,2019-09-01 23:59:00,32.1313,-110.9552,776.9,"TUCSON INTERNATIONAL AIRPORT, AZ US",SOD,6,559.0,1848.0,61.0,90.0,47.0,29.87,27.35,70.0,8.4,104.0,75.0,200.0,31.0,0.02,180.0,23.0,2019-09-01
415,72357503950,2019-09-01 23:59:00,34.5584,-98.4172,325.8,"LAWTON MUNICIPAL AIRPORT, OK US",SOD,6,607.0,1900.0,72.0,82.0,75.0,30.03,28.89,74.0,5.4,92.0,72.0,80.0,20.0,0.0,110.0,13.0,2019-09-01
416,91190022516,2019-09-01 23:59:00,20.89972,-156.4286,15.5,"KAHULUI AIRPORT, HI US",SOD,6,609.0,1842.0,71.0,85.0,69.0,29.97,29.9,75.0,15.1,95.0,74.0,40.0,37.0,,40.0,31.0,2019-09-01
417,74787012834,2019-09-01 23:59:00,29.1828,-81.0483,9.4,"DAYTONA BEACH INTERNATIONAL AIRPORT, FL US",SOD,6,602.0,1846.0,77.0,84.0,81.0,29.94,29.91,79.0,12.3,89.0,78.0,90.0,29.0,0.29,60.0,24.0,2019-09-01
418,78551011624,2019-09-01 23:59:00,17.6997,-64.8125,18.6,"HENRY E. ROHLSEN AIRPORT, VI US",SOD,6,605.0,1833.0,74.0,82.0,79.0,29.95,29.88,76.0,6.4,88.0,75.0,110.0,17.0,0.0,100.0,13.0,2019-09-01
419,72396593209,2019-09-01 23:59:00,35.6697,-120.6283,246.9,"PASO ROBLES MUNICIPAL AIRPORT, CA US",SOD,6,534.0,1830.0,48.0,82.0,38.0,29.87,29.02,61.0,5.3,106.0,57.0,200.0,23.0,0.0,210.0,18.0,2019-09-01
420,72259793985,2019-09-01 23:59:00,32.7816,-98.0602,283.5,"MINERAL WELLS AIRPORT, TX US",SOD,6,607.0,1857.0,69.0,82.0,69.0,30.0,29.0,73.0,4.6,93.0,71.0,60.0,13.0,0.0,110.0,10.0,2019-09-01
421,72203812897,2019-09-01 23:59:00,26.155,-81.7752,2.7,"NAPLES MUNICIPAL AIRPORT, FL US",SOD,6,607.0,1847.0,77.0,86.0,80.0,29.88,29.87,79.0,5.8,94.0,77.0,120.0,28.0,0.26,90.0,16.0,2019-09-01
422,72688624130,2019-09-01 23:59:00,44.8428,-117.8086,1024.4,"BAKER CITY AIRPORT, OR US",SOD,6,513.0,1828.0,50.0,74.0,48.0,29.92,26.52,59.0,5.1,92.0,55.0,330.0,19.0,0.0,340.0,15.0,2019-09-01
423,99999912884,2019-09-01 23:59:00,29.333,-89.4075,0.9,"BOOTHVILLE ASOS, LA US",SOD,6,535.0,1820.0,76.0,83.0,78.0,29.98,29.97,78.0,9.4,86.0,79.0,80.0,25.0,,60.0,18.0,2019-09-01
424,72466093037,2019-09-01 23:59:00,38.81,-104.6884,1884.0,"COLORADO SPRINGS MUNICIPAL AIRPORT, CO US",SOD,6,528.0,1829.0,47.0,75.0,46.0,29.98,24.09,58.0,6.2,95.0,54.0,50.0,52.0,0.07,40.0,35.0,2019-09-01
425,72586724133,2019-09-01 23:59:00,42.5416,-113.7661,1266.1,"BURLEY MUNICIPAL AIRPORT, ID US",SOD,6,600.0,1910.0,44.0,72.0,46.0,29.89,25.77,56.0,2.8,94.0,49.0,330.0,12.0,0.0,210.0,8.0,2019-09-01
426,72258013960,2019-09-01 23:59:00,32.8519,-96.8555,134.1,"DALLAS FAA AIRPORT, TX US",SOD,6,602.0,1852.0,69.0,85.0,60.0,30.01,29.51,74.0,3.2,97.0,73.0,80.0,14.0,0.0,90.0,10.0,2019-09-01
427,72370093167,2019-09-01 23:59:00,35.2577,-113.933,1042.4,"KINGMAN AIRPORT, AZ US",SOD,6,608.0,1903.0,47.0,88.0,25.0,29.82,26.51,63.0,9.8,103.0,72.0,140.0,38.0,,130.0,33.0,2019-09-01
428,72770024138,2019-09-01 23:59:00,45.2575,-112.5544,1585.0,"DILLON AIRPORT, MT US",SOD,6,552.0,1908.0,33.0,71.0,31.0,29.91,24.81,51.0,7.3,91.0,50.0,210.0,25.0,0.0,200.0,18.0,2019-09-01
429,72392523190,2019-09-01 23:59:00,34.4258,-119.8425,2.7,"SANTA BARBARA MUNICIPAL AIRPORT, CA US",SOD,6,532.0,1826.0,61.0,67.0,85.0,29.88,29.84,63.0,5.1,75.0,58.0,260.0,17.0,0.0,260.0,15.0,2019-09-01
430,70274025331,2019-09-01 23:59:00,61.5961,-149.0916,70.1,"PALMER AIRPORT, AK US",SOD,6,547.0,2004.0,45.0,61.0,57.0,29.69,29.45,52.0,11.9,69.0,53.0,140.0,34.0,0.01,130.0,25.0,2019-09-01
431,72698824219,2019-09-01 23:59:00,45.6194,-121.1661,71.6,"DALLESPORT AIRPORT, WA US",SOD,6,526.0,1843.0,55.0,76.0,50.0,29.92,29.7,63.0,10.5,87.0,64.0,290.0,32.0,0.0,300.0,25.0,2019-09-01
432,72492723285,2019-09-01 23:59:00,37.6927,-121.8144,119.8,"LIVERMORE MUNICIPAL AIRPORT, CA US",SOD,6,537.0,1837.0,52.0,77.0,47.0,29.89,29.47,62.0,6.2,96.0,58.0,270.0,19.0,0.0,260.0,16.0,2019-09-01
433,72352803981,2019-09-01 23:59:00,34.34444,-98.98306,382.5,"FREDERICK MUNICIPAL AIRPORT, OK US",SOD,6,609.0,1902.0,70.0,85.0,67.0,29.98,28.69,74.0,8.8,98.0,72.0,130.0,23.0,0.0,120.0,17.0,2019-09-01
434,74641013975,2019-09-01 23:59:00,36.2967,-99.7689,667.8,"GAGE AIRPORT, OK US",SOD,6,610.0,1907.0,66.0,82.0,64.0,30.02,27.78,71.0,9.1,95.0,68.0,130.0,24.0,0.0,140.0,20.0,2019-09-01
435,72464523070,2019-09-01 23:59:00,37.2622,-104.3378,1749.9,"TRINIDAD AIRPORT, CO US",SOD,6,528.0,1826.0,44.0,76.0,35.0,29.96,24.47,58.0,10.4,95.0,57.0,210.0,35.0,0.0,240.0,24.0,2019-09-01
436,72476793069,2019-09-01 23:59:00,37.30694,-108.62639,1801.4,"CORTEZ MONTEZUMA CO AIRPORT, CO US",SOD,6,545.0,1844.0,39.0,71.0,36.0,30.0,24.31,53.0,5.3,95.0,46.0,290.0,21.0,0.0,200.0,15.0,2019-09-01
437,72374023194,2019-09-01 23:59:00,35.0281,-110.7208,1489.3,"WINSLOW AIRPORT, AZ US",SOD,6,555.0,1850.0,43.0,86.0,27.0,29.89,25.19,61.0,10.6,101.0,70.0,150.0,41.0,,140.0,33.0,2019-09-01
438,72482893241,2019-09-01 23:59:00,38.3775,-121.9575,33.2,"VACAVILLE NUT TREE AIRPORT, CA US",SOD,6,537.0,1838.0,53.0,78.0,47.0,29.87,29.75,63.0,2.5,99.0,56.0,210.0,15.0,0.0,210.0,12.0,2019-09-01
439,72790024141,2019-09-01 23:59:00,47.3078,-119.5154,381.6,"EPHRATA AIRPORT, WA US",SOD,6,517.0,1838.0,48.0,75.0,38.0,29.87,28.56,60.0,8.6,89.0,60.0,310.0,27.0,0.0,180.0,18.0,2019-09-01
440,72475593129,2019-09-01 23:59:00,37.7086,-113.0944,1702.6,"CEDAR CITY AIRPORT, UT US",SOD,6,602.0,1902.0,28.0,73.0,19.0,29.94,24.55,52.0,6.7,95.0,51.0,230.0,28.0,0.0,230.0,17.0,2019-09-01
441,72352593986,2019-09-01 23:59:00,34.9894,-99.0525,474.3,"HOBART MUNICIPAL AIRPORT, OK US",SOD,6,609.0,1903.0,66.0,82.0,55.0,29.98,28.42,73.0,6.9,94.0,70.0,,2237.0,0.0,90.0,12.0,2019-09-01
442,72366023007,2019-09-01 23:59:00,34.4272,-100.2831,594.7,"CHILDRESS MUNICIPAL AIRPORT, TX US",SOD,6,614.0,1908.0,68.0,84.0,63.0,30.01,28.02,73.0,4.7,95.0,72.0,140.0,19.0,,140.0,13.0,2019-09-01
443,72480023157,2019-09-01 23:59:00,37.3711,-118.358,1250.3,"BISHOP AIRPORT, CA US",SOD,6,524.0,1822.0,29.0,77.0,20.0,29.88,25.81,53.0,6.4,101.0,52.0,160.0,19.0,0.0,160.0,15.0,2019-09-01
444,72585093228,2019-09-01 23:59:00,37.6542,-122.115,13.1,"HAYWARD AIR TERMINAL, CA US",SOD,6,538.0,1838.0,59.0,71.0,68.0,29.94,29.86,63.0,5.5,80.0,61.0,280.0,18.0,0.0,280.0,15.0,2019-09-01
445,70341025507,2019-09-01 23:59:00,59.642,-151.4908,19.5,"HOMER AIRPORT, AK US",SOD,6,602.0,2009.0,50.0,60.0,70.0,29.63,29.56,55.0,8.8,65.0,54.0,130.0,33.0,0.01,140.0,21.0,2019-09-01
446,72483893205,2019-09-01 23:59:00,39.1019,-121.5677,18.9,"MARYSVILLE YUBA CO AIRPORT, CA US",SOD,6,535.0,1837.0,54.0,80.0,44.0,29.88,29.8,64.0,2.3,98.0,61.0,190.0,14.0,0.0,200.0,10.0,2019-09-01
447,72666524062,2019-09-01 23:59:00,43.96583,-107.95083,1271.6,"WORLAND MUNICIPAL AIRPORT, WY US",SOD,6,535.0,1848.0,40.0,72.0,37.0,29.91,25.72,54.0,4.4,95.0,48.0,40.0,13.0,0.0,100.0,10.0,2019-09-01
448,72362723081,2019-09-01 23:59:00,35.5144,-108.794,1972.4,"GALLUP MUNICIPAL AIRPORT, NM US",SOD,6,547.0,1843.0,42.0,77.0,30.0,29.71,23.87,56.0,7.9,93.0,61.0,230.0,34.0,,230.0,24.0,2019-09-01
449,72476593013,2019-09-01 23:59:00,38.50583,-107.89889,1743.5,"MONTROSE REGIONAL AIRPORT, CO US",SOD,6,541.0,1842.0,37.0,76.0,28.0,29.96,24.45,54.0,6.0,94.0,57.0,140.0,18.0,0.0,150.0,14.0,2019-09-01
450,72692024230,2019-09-01 23:59:00,44.2558,-121.1392,927.5,"REDMOND AIRPORT, OR US",SOD,6,527.0,1841.0,48.0,70.0,49.0,29.94,26.82,57.0,6.6,90.0,49.0,360.0,23.0,0.0,310.0,18.0,2019-09-01
451,72483023232,2019-09-01 23:59:00,38.5069,-121.495,4.6,"SACRAMENTO EXECUTIVE AIRPORT, CA US",SOD,6,535.0,1836.0,53.0,81.0,45.0,29.86,29.83,64.0,4.5,98.0,63.0,240.0,14.0,0.0,230.0,13.0,2019-09-01
452,72571703016,2019-09-01 23:59:00,39.52778,-107.71972,1683.1,"RIFLE GARFIELD CO AIRPORT, CO US",SOD,6,539.0,1842.0,34.0,75.0,27.0,29.97,24.62,53.0,5.4,98.0,52.0,280.0,27.0,0.0,250.0,20.0,2019-09-01
453,72495023254,2019-09-01 23:59:00,37.9917,-122.055,5.5,"CONCORD BUCHANAN FIELD, CA US",SOD,6,538.0,1838.0,52.0,80.0,41.0,29.85,29.82,64.0,7.7,96.0,64.0,320.0,27.0,0.0,320.0,16.0,2019-09-01
454,72494523293,2019-09-01 23:59:00,37.3591,-121.924,15.5,"SAN JOSE INTERNATIONAL AIRPORT, CA US",SOD,6,538.0,1837.0,57.0,76.0,59.0,29.91,29.85,64.0,6.3,89.0,62.0,340.0,21.0,0.0,330.0,17.0,2019-09-01
455,72580524172,2019-09-01 23:59:00,40.0681,-118.5692,1189.3,"LOVELOCK DERBY FIELD AIRPORT, NV US",SOD,6,522.0,1826.0,31.0,73.0,24.0,29.92,26.04,52.0,6.1,97.0,49.0,180.0,19.0,0.0,190.0,15.0,2019-09-01
456,72485523153,2019-09-01 23:59:00,38.0511,-117.0902,1644.4,"TONOPAH AIRPORT, NV US",SOD,6,518.0,1818.0,17.0,77.0,12.0,29.92,24.7,49.0,8.5,96.0,57.0,210.0,28.0,0.0,200.0,23.0,2019-09-01
457,72265623040,2019-09-01 23:59:00,31.7801,-103.2018,855.6,"WINK FAA AIRPORT, TX US",SOD,6,628.0,1917.0,58.0,83.0,47.0,29.95,27.15,66.0,7.6,96.0,69.0,80.0,40.0,,90.0,30.0,2019-09-01
458,72268793033,2019-09-01 23:59:00,32.3335,-104.258,985.1,"CAVERN CITY AIRPORT, NM US",SOD,6,532.0,1822.0,55.0,82.0,42.0,29.94,26.74,65.0,6.1,96.0,67.0,80.0,38.0,0.0,70.0,32.0,2019-09-01
459,72272093026,2019-09-01 23:59:00,31.4583,-109.6061,1251.2,"DOUGLAS BISBEE INTERNATIONAL AIRPORT, AZ US",SOD,6,554.0,1842.0,54.0,79.0,48.0,29.91,25.92,64.0,6.7,95.0,63.0,130.0,24.0,0.0,140.0,20.0,2019-09-01
460,72477693075,2019-09-01 23:59:00,38.75,-109.76278,1389.9,"MOAB CANYONLAND AIRPORT, UT US",SOD,6,548.0,1850.0,26.0,81.0,14.0,29.86,25.43,54.0,4.5,101.0,60.0,250.0,23.0,0.0,230.0,16.0,2019-09-01
461,72492623258,2019-09-01 23:59:00,37.6241,-120.9505,22.3,"MODESTO CITY CO AIRPORT, CA US",SOD,6,534.0,1833.0,51.0,80.0,36.0,29.86,29.75,64.0,6.1,99.0,61.0,310.0,19.0,0.0,330.0,15.0,2019-09-01
462,72381523161,2019-09-01 23:59:00,34.8536,-116.7858,584.3,"BARSTOW DAGGETT AIRPORT, CA US",SOD,6,520.0,1814.0,42.0,93.0,19.0,29.81,27.88,63.0,8.8,110.0,76.0,100.0,45.0,0.0,100.0,38.0,2019-09-01
463,72381603159,2019-09-01 23:59:00,34.7411,-118.2116,712.6,"LANCASTER, CA US",SOD,6,526.0,1819.0,43.0,83.0,26.0,29.88,27.5,61.0,7.3,106.0,60.0,250.0,26.0,0.0,240.0,21.0,2019-09-01
464,72477003170,2019-09-01 23:59:00,39.6013,-116.0055,1809.3,"EUREKA AIRPORT, NV US",SOD,6,512.0,1815.0,21.0,72.0,19.0,29.91,24.24,48.0,7.0,94.0,49.0,190.0,22.0,0.0,190.0,14.0,2019-09-01
465,72380523179,2019-09-01 23:59:00,34.7675,-114.6188,271.3,"NEEDLES AIRPORT, CA US",SOD,6,511.0,1805.0,57.0,95.0,27.0,29.73,28.87,72.0,15.6,111.0,79.0,170.0,54.0,0.03,150.0,45.0,2019-09-01
466,74718823158,2019-09-01 23:59:00,33.6186,-114.7142,120.4,"BLYTHE ASOS, CA US",SOD,6,513.0,1804.0,66.0,94.0,42.0,29.82,29.44,75.0,14.5,108.0,80.0,40.0,53.0,,40.0,46.0,2019-09-01
